--------------------------------------------------------
--  File created - Wednesday-August-09-2023   
--------------------------------------------------------
REM INSERTING into ECOMMERCE_DB_USER.CUSTOMERS
SET DEFINE OFF;
Insert into ECOMMERCE_DB_USER.CUSTOMERS (CUSTOMERID,FIRSTNAME,LASTNAME,EMAIL,ADDRESS,CITY,COUNTRY,PHONE) values (80,'FirstName80','LastName80','customer80@example.com','Address80','Toronto','Canada','555-80808080');
Insert into ECOMMERCE_DB_USER.CUSTOMERS (CUSTOMERID,FIRSTNAME,LASTNAME,EMAIL,ADDRESS,CITY,COUNTRY,PHONE) values (81,'FirstName81','LastName81','customer81@example.com','Address81','Toronto','Canada','555-81818181');
Insert into ECOMMERCE_DB_USER.CUSTOMERS (CUSTOMERID,FIRSTNAME,LASTNAME,EMAIL,ADDRESS,CITY,COUNTRY,PHONE) values (82,'FirstName82','LastName82','customer82@example.com','Address82','Vancouver','Canada','555-82828282');
Insert into ECOMMERCE_DB_USER.CUSTOMERS (CUSTOMERID,FIRSTNAME,LASTNAME,EMAIL,ADDRESS,CITY,COUNTRY,PHONE) values (83,'FirstName83','LastName83','customer83@example.com','Address83','Toronto','Canada','555-83838383');
Insert into ECOMMERCE_DB_USER.CUSTOMERS (CUSTOMERID,FIRSTNAME,LASTNAME,EMAIL,ADDRESS,CITY,COUNTRY,PHONE) values (84,'FirstName84','LastName84','customer84@example.com','Address84','Calgary','Canada','555-84848484');
Insert into ECOMMERCE_DB_USER.CUSTOMERS (CUSTOMERID,FIRSTNAME,LASTNAME,EMAIL,ADDRESS,CITY,COUNTRY,PHONE) values (85,'FirstName85','LastName85','customer85@example.com','Address85','Calgary','Canada','555-85858585');
Insert into ECOMMERCE_DB_USER.CUSTOMERS (CUSTOMERID,FIRSTNAME,LASTNAME,EMAIL,ADDRESS,CITY,COUNTRY,PHONE) values (86,'FirstName86','LastName86','customer86@example.com','Address86','Toronto','Canada','555-86868686');
Insert into ECOMMERCE_DB_USER.CUSTOMERS (CUSTOMERID,FIRSTNAME,LASTNAME,EMAIL,ADDRESS,CITY,COUNTRY,PHONE) values (87,'FirstName87','LastName87','customer87@example.com','Address87','Calgary','Canada','555-87878787');
Insert into ECOMMERCE_DB_USER.CUSTOMERS (CUSTOMERID,FIRSTNAME,LASTNAME,EMAIL,ADDRESS,CITY,COUNTRY,PHONE) values (88,'FirstName88','LastName88','customer88@example.com','Address88','Calgary','Canada','555-88888888');
Insert into ECOMMERCE_DB_USER.CUSTOMERS (CUSTOMERID,FIRSTNAME,LASTNAME,EMAIL,ADDRESS,CITY,COUNTRY,PHONE) values (89,'FirstName89','LastName89','customer89@example.com','Address89','Toronto','Canada','555-89898989');
Insert into ECOMMERCE_DB_USER.CUSTOMERS (CUSTOMERID,FIRSTNAME,LASTNAME,EMAIL,ADDRESS,CITY,COUNTRY,PHONE) values (90,'FirstName90','LastName90','customer90@example.com','Address90','Toronto','Canada','555-90909090');
Insert into ECOMMERCE_DB_USER.CUSTOMERS (CUSTOMERID,FIRSTNAME,LASTNAME,EMAIL,ADDRESS,CITY,COUNTRY,PHONE) values (91,'FirstName91','LastName91','customer91@example.com','Address91','Vancouver','Canada','555-91919191');
Insert into ECOMMERCE_DB_USER.CUSTOMERS (CUSTOMERID,FIRSTNAME,LASTNAME,EMAIL,ADDRESS,CITY,COUNTRY,PHONE) values (92,'FirstName92','LastName92','customer92@example.com','Address92','Toronto','Canada','555-92929292');
Insert into ECOMMERCE_DB_USER.CUSTOMERS (CUSTOMERID,FIRSTNAME,LASTNAME,EMAIL,ADDRESS,CITY,COUNTRY,PHONE) values (93,'FirstName93','LastName93','customer93@example.com','Address93','Toronto','Canada','555-93939393');
Insert into ECOMMERCE_DB_USER.CUSTOMERS (CUSTOMERID,FIRSTNAME,LASTNAME,EMAIL,ADDRESS,CITY,COUNTRY,PHONE) values (94,'FirstName94','LastName94','customer94@example.com','Address94','Calgary','Canada','555-94949494');
Insert into ECOMMERCE_DB_USER.CUSTOMERS (CUSTOMERID,FIRSTNAME,LASTNAME,EMAIL,ADDRESS,CITY,COUNTRY,PHONE) values (95,'FirstName95','LastName95','customer95@example.com','Address95','Vancouver','Canada','555-95959595');
Insert into ECOMMERCE_DB_USER.CUSTOMERS (CUSTOMERID,FIRSTNAME,LASTNAME,EMAIL,ADDRESS,CITY,COUNTRY,PHONE) values (96,'FirstName96','LastName96','customer96@example.com','Address96','Calgary','Canada','555-96969696');
Insert into ECOMMERCE_DB_USER.CUSTOMERS (CUSTOMERID,FIRSTNAME,LASTNAME,EMAIL,ADDRESS,CITY,COUNTRY,PHONE) values (97,'FirstName97','LastName97','customer97@example.com','Address97','Toronto','Canada','555-97979797');
Insert into ECOMMERCE_DB_USER.CUSTOMERS (CUSTOMERID,FIRSTNAME,LASTNAME,EMAIL,ADDRESS,CITY,COUNTRY,PHONE) values (98,'FirstName98','LastName98','customer98@example.com','Address98','Vancouver','Canada','555-98989898');
Insert into ECOMMERCE_DB_USER.CUSTOMERS (CUSTOMERID,FIRSTNAME,LASTNAME,EMAIL,ADDRESS,CITY,COUNTRY,PHONE) values (99,'FirstName99','LastName99','customer99@example.com','Address99','Vancouver','Canada','555-99999999');
Insert into ECOMMERCE_DB_USER.CUSTOMERS (CUSTOMERID,FIRSTNAME,LASTNAME,EMAIL,ADDRESS,CITY,COUNTRY,PHONE) values (100,'FirstName100','LastName100','customer100@example.com','Address100','Toronto','Canada','555-100100100100');
Insert into ECOMMERCE_DB_USER.CUSTOMERS (CUSTOMERID,FIRSTNAME,LASTNAME,EMAIL,ADDRESS,CITY,COUNTRY,PHONE) values (1,'FirstName1','LastName1','customer1@example.com','Address1','Calgary','Canada','555-1111');
Insert into ECOMMERCE_DB_USER.CUSTOMERS (CUSTOMERID,FIRSTNAME,LASTNAME,EMAIL,ADDRESS,CITY,COUNTRY,PHONE) values (2,'FirstName2','LastName2','customer2@example.com','Address2','Toronto','Canada','555-2222');
Insert into ECOMMERCE_DB_USER.CUSTOMERS (CUSTOMERID,FIRSTNAME,LASTNAME,EMAIL,ADDRESS,CITY,COUNTRY,PHONE) values (3,'FirstName3','LastName3','customer3@example.com','Address3','Toronto','Canada','555-3333');
Insert into ECOMMERCE_DB_USER.CUSTOMERS (CUSTOMERID,FIRSTNAME,LASTNAME,EMAIL,ADDRESS,CITY,COUNTRY,PHONE) values (4,'FirstName4','LastName4','customer4@example.com','Address4','Calgary','Canada','555-4444');
Insert into ECOMMERCE_DB_USER.CUSTOMERS (CUSTOMERID,FIRSTNAME,LASTNAME,EMAIL,ADDRESS,CITY,COUNTRY,PHONE) values (5,'FirstName5','LastName5','customer5@example.com','Address5','Toronto','Canada','555-5555');
Insert into ECOMMERCE_DB_USER.CUSTOMERS (CUSTOMERID,FIRSTNAME,LASTNAME,EMAIL,ADDRESS,CITY,COUNTRY,PHONE) values (6,'FirstName6','LastName6','customer6@example.com','Address6','Calgary','Canada','555-6666');
Insert into ECOMMERCE_DB_USER.CUSTOMERS (CUSTOMERID,FIRSTNAME,LASTNAME,EMAIL,ADDRESS,CITY,COUNTRY,PHONE) values (7,'FirstName7','LastName7','customer7@example.com','Address7','Toronto','Canada','555-7777');
Insert into ECOMMERCE_DB_USER.CUSTOMERS (CUSTOMERID,FIRSTNAME,LASTNAME,EMAIL,ADDRESS,CITY,COUNTRY,PHONE) values (8,'FirstName8','LastName8','customer8@example.com','Address8','Calgary','Canada','555-8888');
Insert into ECOMMERCE_DB_USER.CUSTOMERS (CUSTOMERID,FIRSTNAME,LASTNAME,EMAIL,ADDRESS,CITY,COUNTRY,PHONE) values (9,'FirstName9','LastName9','customer9@example.com','Address9','Toronto','Canada','555-9999');
Insert into ECOMMERCE_DB_USER.CUSTOMERS (CUSTOMERID,FIRSTNAME,LASTNAME,EMAIL,ADDRESS,CITY,COUNTRY,PHONE) values (10,'FirstName10','LastName10','customer10@example.com','Address10','Toronto','Canada','555-10101010');
Insert into ECOMMERCE_DB_USER.CUSTOMERS (CUSTOMERID,FIRSTNAME,LASTNAME,EMAIL,ADDRESS,CITY,COUNTRY,PHONE) values (11,'FirstName11','LastName11','customer11@example.com','Address11','Calgary','Canada','555-11111111');
Insert into ECOMMERCE_DB_USER.CUSTOMERS (CUSTOMERID,FIRSTNAME,LASTNAME,EMAIL,ADDRESS,CITY,COUNTRY,PHONE) values (12,'FirstName12','LastName12','customer12@example.com','Address12','Vancouver','Canada','555-12121212');
Insert into ECOMMERCE_DB_USER.CUSTOMERS (CUSTOMERID,FIRSTNAME,LASTNAME,EMAIL,ADDRESS,CITY,COUNTRY,PHONE) values (13,'FirstName13','LastName13','customer13@example.com','Address13','Calgary','Canada','555-13131313');
Insert into ECOMMERCE_DB_USER.CUSTOMERS (CUSTOMERID,FIRSTNAME,LASTNAME,EMAIL,ADDRESS,CITY,COUNTRY,PHONE) values (14,'FirstName14','LastName14','customer14@example.com','Address14','Vancouver','Canada','555-14141414');
Insert into ECOMMERCE_DB_USER.CUSTOMERS (CUSTOMERID,FIRSTNAME,LASTNAME,EMAIL,ADDRESS,CITY,COUNTRY,PHONE) values (15,'FirstName15','LastName15','customer15@example.com','Address15','Toronto','Canada','555-15151515');
Insert into ECOMMERCE_DB_USER.CUSTOMERS (CUSTOMERID,FIRSTNAME,LASTNAME,EMAIL,ADDRESS,CITY,COUNTRY,PHONE) values (16,'FirstName16','LastName16','customer16@example.com','Address16','Calgary','Canada','555-16161616');
Insert into ECOMMERCE_DB_USER.CUSTOMERS (CUSTOMERID,FIRSTNAME,LASTNAME,EMAIL,ADDRESS,CITY,COUNTRY,PHONE) values (17,'FirstName17','LastName17','customer17@example.com','Address17','Vancouver','Canada','555-17171717');
Insert into ECOMMERCE_DB_USER.CUSTOMERS (CUSTOMERID,FIRSTNAME,LASTNAME,EMAIL,ADDRESS,CITY,COUNTRY,PHONE) values (18,'FirstName18','LastName18','customer18@example.com','Address18','Calgary','Canada','555-18181818');
Insert into ECOMMERCE_DB_USER.CUSTOMERS (CUSTOMERID,FIRSTNAME,LASTNAME,EMAIL,ADDRESS,CITY,COUNTRY,PHONE) values (19,'FirstName19','LastName19','customer19@example.com','Address19','Vancouver','Canada','555-19191919');
Insert into ECOMMERCE_DB_USER.CUSTOMERS (CUSTOMERID,FIRSTNAME,LASTNAME,EMAIL,ADDRESS,CITY,COUNTRY,PHONE) values (20,'FirstName20','LastName20','customer20@example.com','Address20','Vancouver','Canada','555-20202020');
Insert into ECOMMERCE_DB_USER.CUSTOMERS (CUSTOMERID,FIRSTNAME,LASTNAME,EMAIL,ADDRESS,CITY,COUNTRY,PHONE) values (21,'FirstName21','LastName21','customer21@example.com','Address21','Calgary','Canada','555-21212121');
Insert into ECOMMERCE_DB_USER.CUSTOMERS (CUSTOMERID,FIRSTNAME,LASTNAME,EMAIL,ADDRESS,CITY,COUNTRY,PHONE) values (22,'FirstName22','LastName22','customer22@example.com','Address22','Toronto','Canada','555-22222222');
Insert into ECOMMERCE_DB_USER.CUSTOMERS (CUSTOMERID,FIRSTNAME,LASTNAME,EMAIL,ADDRESS,CITY,COUNTRY,PHONE) values (23,'FirstName23','LastName23','customer23@example.com','Address23','Toronto','Canada','555-23232323');
Insert into ECOMMERCE_DB_USER.CUSTOMERS (CUSTOMERID,FIRSTNAME,LASTNAME,EMAIL,ADDRESS,CITY,COUNTRY,PHONE) values (24,'FirstName24','LastName24','customer24@example.com','Address24','Calgary','Canada','555-24242424');
Insert into ECOMMERCE_DB_USER.CUSTOMERS (CUSTOMERID,FIRSTNAME,LASTNAME,EMAIL,ADDRESS,CITY,COUNTRY,PHONE) values (25,'FirstName25','LastName25','customer25@example.com','Address25','Calgary','Canada','555-25252525');
Insert into ECOMMERCE_DB_USER.CUSTOMERS (CUSTOMERID,FIRSTNAME,LASTNAME,EMAIL,ADDRESS,CITY,COUNTRY,PHONE) values (26,'FirstName26','LastName26','customer26@example.com','Address26','Calgary','Canada','555-26262626');
Insert into ECOMMERCE_DB_USER.CUSTOMERS (CUSTOMERID,FIRSTNAME,LASTNAME,EMAIL,ADDRESS,CITY,COUNTRY,PHONE) values (27,'FirstName27','LastName27','customer27@example.com','Address27','Toronto','Canada','555-27272727');
Insert into ECOMMERCE_DB_USER.CUSTOMERS (CUSTOMERID,FIRSTNAME,LASTNAME,EMAIL,ADDRESS,CITY,COUNTRY,PHONE) values (28,'FirstName28','LastName28','customer28@example.com','Address28','Calgary','Canada','555-28282828');
Insert into ECOMMERCE_DB_USER.CUSTOMERS (CUSTOMERID,FIRSTNAME,LASTNAME,EMAIL,ADDRESS,CITY,COUNTRY,PHONE) values (29,'FirstName29','LastName29','customer29@example.com','Address29','Calgary','Canada','555-29292929');
Insert into ECOMMERCE_DB_USER.CUSTOMERS (CUSTOMERID,FIRSTNAME,LASTNAME,EMAIL,ADDRESS,CITY,COUNTRY,PHONE) values (30,'FirstName30','LastName30','customer30@example.com','Address30','Vancouver','Canada','555-30303030');
Insert into ECOMMERCE_DB_USER.CUSTOMERS (CUSTOMERID,FIRSTNAME,LASTNAME,EMAIL,ADDRESS,CITY,COUNTRY,PHONE) values (31,'FirstName31','LastName31','customer31@example.com','Address31','Vancouver','Canada','555-31313131');
Insert into ECOMMERCE_DB_USER.CUSTOMERS (CUSTOMERID,FIRSTNAME,LASTNAME,EMAIL,ADDRESS,CITY,COUNTRY,PHONE) values (32,'FirstName32','LastName32','customer32@example.com','Address32','Toronto','Canada','555-32323232');
Insert into ECOMMERCE_DB_USER.CUSTOMERS (CUSTOMERID,FIRSTNAME,LASTNAME,EMAIL,ADDRESS,CITY,COUNTRY,PHONE) values (33,'FirstName33','LastName33','customer33@example.com','Address33','Toronto','Canada','555-33333333');
Insert into ECOMMERCE_DB_USER.CUSTOMERS (CUSTOMERID,FIRSTNAME,LASTNAME,EMAIL,ADDRESS,CITY,COUNTRY,PHONE) values (34,'FirstName34','LastName34','customer34@example.com','Address34','Calgary','Canada','555-34343434');
Insert into ECOMMERCE_DB_USER.CUSTOMERS (CUSTOMERID,FIRSTNAME,LASTNAME,EMAIL,ADDRESS,CITY,COUNTRY,PHONE) values (35,'FirstName35','LastName35','customer35@example.com','Address35','Toronto','Canada','555-35353535');
Insert into ECOMMERCE_DB_USER.CUSTOMERS (CUSTOMERID,FIRSTNAME,LASTNAME,EMAIL,ADDRESS,CITY,COUNTRY,PHONE) values (36,'FirstName36','LastName36','customer36@example.com','Address36','Vancouver','Canada','555-36363636');
Insert into ECOMMERCE_DB_USER.CUSTOMERS (CUSTOMERID,FIRSTNAME,LASTNAME,EMAIL,ADDRESS,CITY,COUNTRY,PHONE) values (37,'FirstName37','LastName37','customer37@example.com','Address37','Calgary','Canada','555-37373737');
Insert into ECOMMERCE_DB_USER.CUSTOMERS (CUSTOMERID,FIRSTNAME,LASTNAME,EMAIL,ADDRESS,CITY,COUNTRY,PHONE) values (38,'FirstName38','LastName38','customer38@example.com','Address38','Calgary','Canada','555-38383838');
Insert into ECOMMERCE_DB_USER.CUSTOMERS (CUSTOMERID,FIRSTNAME,LASTNAME,EMAIL,ADDRESS,CITY,COUNTRY,PHONE) values (39,'FirstName39','LastName39','customer39@example.com','Address39','Calgary','Canada','555-39393939');
Insert into ECOMMERCE_DB_USER.CUSTOMERS (CUSTOMERID,FIRSTNAME,LASTNAME,EMAIL,ADDRESS,CITY,COUNTRY,PHONE) values (40,'FirstName40','LastName40','customer40@example.com','Address40','Vancouver','Canada','555-40404040');
Insert into ECOMMERCE_DB_USER.CUSTOMERS (CUSTOMERID,FIRSTNAME,LASTNAME,EMAIL,ADDRESS,CITY,COUNTRY,PHONE) values (41,'FirstName41','LastName41','customer41@example.com','Address41','Calgary','Canada','555-41414141');
Insert into ECOMMERCE_DB_USER.CUSTOMERS (CUSTOMERID,FIRSTNAME,LASTNAME,EMAIL,ADDRESS,CITY,COUNTRY,PHONE) values (42,'FirstName42','LastName42','customer42@example.com','Address42','Toronto','Canada','555-42424242');
Insert into ECOMMERCE_DB_USER.CUSTOMERS (CUSTOMERID,FIRSTNAME,LASTNAME,EMAIL,ADDRESS,CITY,COUNTRY,PHONE) values (43,'FirstName43','LastName43','customer43@example.com','Address43','Vancouver','Canada','555-43434343');
Insert into ECOMMERCE_DB_USER.CUSTOMERS (CUSTOMERID,FIRSTNAME,LASTNAME,EMAIL,ADDRESS,CITY,COUNTRY,PHONE) values (44,'FirstName44','LastName44','customer44@example.com','Address44','Calgary','Canada','555-44444444');
Insert into ECOMMERCE_DB_USER.CUSTOMERS (CUSTOMERID,FIRSTNAME,LASTNAME,EMAIL,ADDRESS,CITY,COUNTRY,PHONE) values (45,'FirstName45','LastName45','customer45@example.com','Address45','Calgary','Canada','555-45454545');
Insert into ECOMMERCE_DB_USER.CUSTOMERS (CUSTOMERID,FIRSTNAME,LASTNAME,EMAIL,ADDRESS,CITY,COUNTRY,PHONE) values (46,'FirstName46','LastName46','customer46@example.com','Address46','Toronto','Canada','555-46464646');
Insert into ECOMMERCE_DB_USER.CUSTOMERS (CUSTOMERID,FIRSTNAME,LASTNAME,EMAIL,ADDRESS,CITY,COUNTRY,PHONE) values (47,'FirstName47','LastName47','customer47@example.com','Address47','Vancouver','Canada','555-47474747');
Insert into ECOMMERCE_DB_USER.CUSTOMERS (CUSTOMERID,FIRSTNAME,LASTNAME,EMAIL,ADDRESS,CITY,COUNTRY,PHONE) values (48,'FirstName48','LastName48','customer48@example.com','Address48','Toronto','Canada','555-48484848');
Insert into ECOMMERCE_DB_USER.CUSTOMERS (CUSTOMERID,FIRSTNAME,LASTNAME,EMAIL,ADDRESS,CITY,COUNTRY,PHONE) values (49,'FirstName49','LastName49','customer49@example.com','Address49','Vancouver','Canada','555-49494949');
Insert into ECOMMERCE_DB_USER.CUSTOMERS (CUSTOMERID,FIRSTNAME,LASTNAME,EMAIL,ADDRESS,CITY,COUNTRY,PHONE) values (50,'FirstName50','LastName50','customer50@example.com','Address50','Vancouver','Canada','555-50505050');
Insert into ECOMMERCE_DB_USER.CUSTOMERS (CUSTOMERID,FIRSTNAME,LASTNAME,EMAIL,ADDRESS,CITY,COUNTRY,PHONE) values (51,'FirstName51','LastName51','customer51@example.com','Address51','Toronto','Canada','555-51515151');
Insert into ECOMMERCE_DB_USER.CUSTOMERS (CUSTOMERID,FIRSTNAME,LASTNAME,EMAIL,ADDRESS,CITY,COUNTRY,PHONE) values (52,'FirstName52','LastName52','customer52@example.com','Address52','Vancouver','Canada','555-52525252');
Insert into ECOMMERCE_DB_USER.CUSTOMERS (CUSTOMERID,FIRSTNAME,LASTNAME,EMAIL,ADDRESS,CITY,COUNTRY,PHONE) values (53,'FirstName53','LastName53','customer53@example.com','Address53','Toronto','Canada','555-53535353');
Insert into ECOMMERCE_DB_USER.CUSTOMERS (CUSTOMERID,FIRSTNAME,LASTNAME,EMAIL,ADDRESS,CITY,COUNTRY,PHONE) values (54,'FirstName54','LastName54','customer54@example.com','Address54','Toronto','Canada','555-54545454');
Insert into ECOMMERCE_DB_USER.CUSTOMERS (CUSTOMERID,FIRSTNAME,LASTNAME,EMAIL,ADDRESS,CITY,COUNTRY,PHONE) values (55,'FirstName55','LastName55','customer55@example.com','Address55','Calgary','Canada','555-55555555');
Insert into ECOMMERCE_DB_USER.CUSTOMERS (CUSTOMERID,FIRSTNAME,LASTNAME,EMAIL,ADDRESS,CITY,COUNTRY,PHONE) values (56,'FirstName56','LastName56','customer56@example.com','Address56','Calgary','Canada','555-56565656');
Insert into ECOMMERCE_DB_USER.CUSTOMERS (CUSTOMERID,FIRSTNAME,LASTNAME,EMAIL,ADDRESS,CITY,COUNTRY,PHONE) values (57,'FirstName57','LastName57','customer57@example.com','Address57','Calgary','Canada','555-57575757');
Insert into ECOMMERCE_DB_USER.CUSTOMERS (CUSTOMERID,FIRSTNAME,LASTNAME,EMAIL,ADDRESS,CITY,COUNTRY,PHONE) values (58,'FirstName58','LastName58','customer58@example.com','Address58','Vancouver','Canada','555-58585858');
Insert into ECOMMERCE_DB_USER.CUSTOMERS (CUSTOMERID,FIRSTNAME,LASTNAME,EMAIL,ADDRESS,CITY,COUNTRY,PHONE) values (59,'FirstName59','LastName59','customer59@example.com','Address59','Calgary','Canada','555-59595959');
Insert into ECOMMERCE_DB_USER.CUSTOMERS (CUSTOMERID,FIRSTNAME,LASTNAME,EMAIL,ADDRESS,CITY,COUNTRY,PHONE) values (60,'FirstName60','LastName60','customer60@example.com','Address60','Calgary','Canada','555-60606060');
Insert into ECOMMERCE_DB_USER.CUSTOMERS (CUSTOMERID,FIRSTNAME,LASTNAME,EMAIL,ADDRESS,CITY,COUNTRY,PHONE) values (61,'FirstName61','LastName61','customer61@example.com','Address61','Vancouver','Canada','555-61616161');
Insert into ECOMMERCE_DB_USER.CUSTOMERS (CUSTOMERID,FIRSTNAME,LASTNAME,EMAIL,ADDRESS,CITY,COUNTRY,PHONE) values (62,'FirstName62','LastName62','customer62@example.com','Address62','Vancouver','Canada','555-62626262');
Insert into ECOMMERCE_DB_USER.CUSTOMERS (CUSTOMERID,FIRSTNAME,LASTNAME,EMAIL,ADDRESS,CITY,COUNTRY,PHONE) values (63,'FirstName63','LastName63','customer63@example.com','Address63','Calgary','Canada','555-63636363');
Insert into ECOMMERCE_DB_USER.CUSTOMERS (CUSTOMERID,FIRSTNAME,LASTNAME,EMAIL,ADDRESS,CITY,COUNTRY,PHONE) values (64,'FirstName64','LastName64','customer64@example.com','Address64','Toronto','Canada','555-64646464');
Insert into ECOMMERCE_DB_USER.CUSTOMERS (CUSTOMERID,FIRSTNAME,LASTNAME,EMAIL,ADDRESS,CITY,COUNTRY,PHONE) values (65,'FirstName65','LastName65','customer65@example.com','Address65','Toronto','Canada','555-65656565');
Insert into ECOMMERCE_DB_USER.CUSTOMERS (CUSTOMERID,FIRSTNAME,LASTNAME,EMAIL,ADDRESS,CITY,COUNTRY,PHONE) values (66,'FirstName66','LastName66','customer66@example.com','Address66','Toronto','Canada','555-66666666');
Insert into ECOMMERCE_DB_USER.CUSTOMERS (CUSTOMERID,FIRSTNAME,LASTNAME,EMAIL,ADDRESS,CITY,COUNTRY,PHONE) values (67,'FirstName67','LastName67','customer67@example.com','Address67','Toronto','Canada','555-67676767');
Insert into ECOMMERCE_DB_USER.CUSTOMERS (CUSTOMERID,FIRSTNAME,LASTNAME,EMAIL,ADDRESS,CITY,COUNTRY,PHONE) values (68,'FirstName68','LastName68','customer68@example.com','Address68','Calgary','Canada','555-68686868');
Insert into ECOMMERCE_DB_USER.CUSTOMERS (CUSTOMERID,FIRSTNAME,LASTNAME,EMAIL,ADDRESS,CITY,COUNTRY,PHONE) values (69,'FirstName69','LastName69','customer69@example.com','Address69','Vancouver','Canada','555-69696969');
Insert into ECOMMERCE_DB_USER.CUSTOMERS (CUSTOMERID,FIRSTNAME,LASTNAME,EMAIL,ADDRESS,CITY,COUNTRY,PHONE) values (70,'FirstName70','LastName70','customer70@example.com','Address70','Calgary','Canada','555-70707070');
Insert into ECOMMERCE_DB_USER.CUSTOMERS (CUSTOMERID,FIRSTNAME,LASTNAME,EMAIL,ADDRESS,CITY,COUNTRY,PHONE) values (71,'FirstName71','LastName71','customer71@example.com','Address71','Toronto','Canada','555-71717171');
Insert into ECOMMERCE_DB_USER.CUSTOMERS (CUSTOMERID,FIRSTNAME,LASTNAME,EMAIL,ADDRESS,CITY,COUNTRY,PHONE) values (72,'FirstName72','LastName72','customer72@example.com','Address72','Vancouver','Canada','555-72727272');
Insert into ECOMMERCE_DB_USER.CUSTOMERS (CUSTOMERID,FIRSTNAME,LASTNAME,EMAIL,ADDRESS,CITY,COUNTRY,PHONE) values (73,'FirstName73','LastName73','customer73@example.com','Address73','Toronto','Canada','555-73737373');
Insert into ECOMMERCE_DB_USER.CUSTOMERS (CUSTOMERID,FIRSTNAME,LASTNAME,EMAIL,ADDRESS,CITY,COUNTRY,PHONE) values (74,'FirstName74','LastName74','customer74@example.com','Address74','Toronto','Canada','555-74747474');
Insert into ECOMMERCE_DB_USER.CUSTOMERS (CUSTOMERID,FIRSTNAME,LASTNAME,EMAIL,ADDRESS,CITY,COUNTRY,PHONE) values (75,'FirstName75','LastName75','customer75@example.com','Address75','Vancouver','Canada','555-75757575');
Insert into ECOMMERCE_DB_USER.CUSTOMERS (CUSTOMERID,FIRSTNAME,LASTNAME,EMAIL,ADDRESS,CITY,COUNTRY,PHONE) values (76,'FirstName76','LastName76','customer76@example.com','Address76','Vancouver','Canada','555-76767676');
Insert into ECOMMERCE_DB_USER.CUSTOMERS (CUSTOMERID,FIRSTNAME,LASTNAME,EMAIL,ADDRESS,CITY,COUNTRY,PHONE) values (77,'FirstName77','LastName77','customer77@example.com','Address77','Toronto','Canada','555-77777777');
Insert into ECOMMERCE_DB_USER.CUSTOMERS (CUSTOMERID,FIRSTNAME,LASTNAME,EMAIL,ADDRESS,CITY,COUNTRY,PHONE) values (78,'FirstName78','LastName78','customer78@example.com','Address78','Vancouver','Canada','555-78787878');
Insert into ECOMMERCE_DB_USER.CUSTOMERS (CUSTOMERID,FIRSTNAME,LASTNAME,EMAIL,ADDRESS,CITY,COUNTRY,PHONE) values (79,'FirstName79','LastName79','customer79@example.com','Address79','Toronto','Canada','555-79797979');
commit;
REM INSERTING into ECOMMERCE_DB_USER.ORDERITEMS
SET DEFINE OFF;
Insert into ECOMMERCE_DB_USER.ORDERITEMS (ORDERITEMID,ORDERID,PRODUCTID,QUANTITY,ITEMPRICE,DISCOUNTAMOUNT,PROMOTIONID) values (301,88,21,2,83.81,0,null);
Insert into ECOMMERCE_DB_USER.ORDERITEMS (ORDERITEMID,ORDERID,PRODUCTID,QUANTITY,ITEMPRICE,DISCOUNTAMOUNT,PROMOTIONID) values (302,97,73,1,98.68,0,null);
Insert into ECOMMERCE_DB_USER.ORDERITEMS (ORDERITEMID,ORDERID,PRODUCTID,QUANTITY,ITEMPRICE,DISCOUNTAMOUNT,PROMOTIONID) values (303,77,72,2,53.06,0,null);
Insert into ECOMMERCE_DB_USER.ORDERITEMS (ORDERITEMID,ORDERID,PRODUCTID,QUANTITY,ITEMPRICE,DISCOUNTAMOUNT,PROMOTIONID) values (304,6,96,1,23.44,0,null);
Insert into ECOMMERCE_DB_USER.ORDERITEMS (ORDERITEMID,ORDERID,PRODUCTID,QUANTITY,ITEMPRICE,DISCOUNTAMOUNT,PROMOTIONID) values (305,30,139,1,38.3,0.38,1);
Insert into ECOMMERCE_DB_USER.ORDERITEMS (ORDERITEMID,ORDERID,PRODUCTID,QUANTITY,ITEMPRICE,DISCOUNTAMOUNT,PROMOTIONID) values (306,68,117,1,66.39,0,null);
Insert into ECOMMERCE_DB_USER.ORDERITEMS (ORDERITEMID,ORDERID,PRODUCTID,QUANTITY,ITEMPRICE,DISCOUNTAMOUNT,PROMOTIONID) values (307,62,122,3,60.84,0,null);
Insert into ECOMMERCE_DB_USER.ORDERITEMS (ORDERITEMID,ORDERID,PRODUCTID,QUANTITY,ITEMPRICE,DISCOUNTAMOUNT,PROMOTIONID) values (308,59,80,2,94.33,0,null);
Insert into ECOMMERCE_DB_USER.ORDERITEMS (ORDERITEMID,ORDERID,PRODUCTID,QUANTITY,ITEMPRICE,DISCOUNTAMOUNT,PROMOTIONID) values (309,21,68,1,19.47,0,null);
Insert into ECOMMERCE_DB_USER.ORDERITEMS (ORDERITEMID,ORDERID,PRODUCTID,QUANTITY,ITEMPRICE,DISCOUNTAMOUNT,PROMOTIONID) values (310,76,181,4,40.67,0,null);
Insert into ECOMMERCE_DB_USER.ORDERITEMS (ORDERITEMID,ORDERID,PRODUCTID,QUANTITY,ITEMPRICE,DISCOUNTAMOUNT,PROMOTIONID) values (311,63,83,2,61.77,1.24,1);
Insert into ECOMMERCE_DB_USER.ORDERITEMS (ORDERITEMID,ORDERID,PRODUCTID,QUANTITY,ITEMPRICE,DISCOUNTAMOUNT,PROMOTIONID) values (312,87,100,3,51.75,1.55,1);
Insert into ECOMMERCE_DB_USER.ORDERITEMS (ORDERITEMID,ORDERID,PRODUCTID,QUANTITY,ITEMPRICE,DISCOUNTAMOUNT,PROMOTIONID) values (313,38,96,4,64.4,0,null);
Insert into ECOMMERCE_DB_USER.ORDERITEMS (ORDERITEMID,ORDERID,PRODUCTID,QUANTITY,ITEMPRICE,DISCOUNTAMOUNT,PROMOTIONID) values (314,26,154,2,56.17,0,null);
Insert into ECOMMERCE_DB_USER.ORDERITEMS (ORDERITEMID,ORDERID,PRODUCTID,QUANTITY,ITEMPRICE,DISCOUNTAMOUNT,PROMOTIONID) values (315,71,179,2,60.41,0,null);
Insert into ECOMMERCE_DB_USER.ORDERITEMS (ORDERITEMID,ORDERID,PRODUCTID,QUANTITY,ITEMPRICE,DISCOUNTAMOUNT,PROMOTIONID) values (316,76,69,4,97.53,0,null);
Insert into ECOMMERCE_DB_USER.ORDERITEMS (ORDERITEMID,ORDERID,PRODUCTID,QUANTITY,ITEMPRICE,DISCOUNTAMOUNT,PROMOTIONID) values (317,70,116,3,83.89,0,null);
Insert into ECOMMERCE_DB_USER.ORDERITEMS (ORDERITEMID,ORDERID,PRODUCTID,QUANTITY,ITEMPRICE,DISCOUNTAMOUNT,PROMOTIONID) values (318,39,166,2,93.54,0,null);
Insert into ECOMMERCE_DB_USER.ORDERITEMS (ORDERITEMID,ORDERID,PRODUCTID,QUANTITY,ITEMPRICE,DISCOUNTAMOUNT,PROMOTIONID) values (319,11,123,4,59.79,0,null);
Insert into ECOMMERCE_DB_USER.ORDERITEMS (ORDERITEMID,ORDERID,PRODUCTID,QUANTITY,ITEMPRICE,DISCOUNTAMOUNT,PROMOTIONID) values (320,9,146,1,10.85,0,null);
Insert into ECOMMERCE_DB_USER.ORDERITEMS (ORDERITEMID,ORDERID,PRODUCTID,QUANTITY,ITEMPRICE,DISCOUNTAMOUNT,PROMOTIONID) values (321,10,71,1,86.38,0,null);
Insert into ECOMMERCE_DB_USER.ORDERITEMS (ORDERITEMID,ORDERID,PRODUCTID,QUANTITY,ITEMPRICE,DISCOUNTAMOUNT,PROMOTIONID) values (322,18,114,2,92.48,0,null);
Insert into ECOMMERCE_DB_USER.ORDERITEMS (ORDERITEMID,ORDERID,PRODUCTID,QUANTITY,ITEMPRICE,DISCOUNTAMOUNT,PROMOTIONID) values (323,24,117,3,57.43,0,null);
Insert into ECOMMERCE_DB_USER.ORDERITEMS (ORDERITEMID,ORDERID,PRODUCTID,QUANTITY,ITEMPRICE,DISCOUNTAMOUNT,PROMOTIONID) values (324,26,145,2,39.65,0,null);
Insert into ECOMMERCE_DB_USER.ORDERITEMS (ORDERITEMID,ORDERID,PRODUCTID,QUANTITY,ITEMPRICE,DISCOUNTAMOUNT,PROMOTIONID) values (325,99,7,2,33.08,0,null);
Insert into ECOMMERCE_DB_USER.ORDERITEMS (ORDERITEMID,ORDERID,PRODUCTID,QUANTITY,ITEMPRICE,DISCOUNTAMOUNT,PROMOTIONID) values (326,33,6,2,54.35,0,null);
Insert into ECOMMERCE_DB_USER.ORDERITEMS (ORDERITEMID,ORDERID,PRODUCTID,QUANTITY,ITEMPRICE,DISCOUNTAMOUNT,PROMOTIONID) values (327,10,137,1,41.27,0,null);
Insert into ECOMMERCE_DB_USER.ORDERITEMS (ORDERITEMID,ORDERID,PRODUCTID,QUANTITY,ITEMPRICE,DISCOUNTAMOUNT,PROMOTIONID) values (328,50,70,3,82.39,0,null);
Insert into ECOMMERCE_DB_USER.ORDERITEMS (ORDERITEMID,ORDERID,PRODUCTID,QUANTITY,ITEMPRICE,DISCOUNTAMOUNT,PROMOTIONID) values (329,25,111,2,94.1,0,null);
Insert into ECOMMERCE_DB_USER.ORDERITEMS (ORDERITEMID,ORDERID,PRODUCTID,QUANTITY,ITEMPRICE,DISCOUNTAMOUNT,PROMOTIONID) values (330,91,75,4,94.15,0,null);
Insert into ECOMMERCE_DB_USER.ORDERITEMS (ORDERITEMID,ORDERID,PRODUCTID,QUANTITY,ITEMPRICE,DISCOUNTAMOUNT,PROMOTIONID) values (331,17,50,2,67.49,0,null);
Insert into ECOMMERCE_DB_USER.ORDERITEMS (ORDERITEMID,ORDERID,PRODUCTID,QUANTITY,ITEMPRICE,DISCOUNTAMOUNT,PROMOTIONID) values (332,55,160,2,19.15,0,null);
Insert into ECOMMERCE_DB_USER.ORDERITEMS (ORDERITEMID,ORDERID,PRODUCTID,QUANTITY,ITEMPRICE,DISCOUNTAMOUNT,PROMOTIONID) values (333,64,57,4,47.41,0,null);
Insert into ECOMMERCE_DB_USER.ORDERITEMS (ORDERITEMID,ORDERID,PRODUCTID,QUANTITY,ITEMPRICE,DISCOUNTAMOUNT,PROMOTIONID) values (334,76,97,3,26.7,0,null);
Insert into ECOMMERCE_DB_USER.ORDERITEMS (ORDERITEMID,ORDERID,PRODUCTID,QUANTITY,ITEMPRICE,DISCOUNTAMOUNT,PROMOTIONID) values (335,4,66,1,70.75,0,null);
Insert into ECOMMERCE_DB_USER.ORDERITEMS (ORDERITEMID,ORDERID,PRODUCTID,QUANTITY,ITEMPRICE,DISCOUNTAMOUNT,PROMOTIONID) values (336,91,194,3,53.99,0,null);
Insert into ECOMMERCE_DB_USER.ORDERITEMS (ORDERITEMID,ORDERID,PRODUCTID,QUANTITY,ITEMPRICE,DISCOUNTAMOUNT,PROMOTIONID) values (337,15,15,2,25.09,0,null);
Insert into ECOMMERCE_DB_USER.ORDERITEMS (ORDERITEMID,ORDERID,PRODUCTID,QUANTITY,ITEMPRICE,DISCOUNTAMOUNT,PROMOTIONID) values (338,10,41,2,24.25,0,null);
Insert into ECOMMERCE_DB_USER.ORDERITEMS (ORDERITEMID,ORDERID,PRODUCTID,QUANTITY,ITEMPRICE,DISCOUNTAMOUNT,PROMOTIONID) values (339,28,149,4,89.53,0,null);
Insert into ECOMMERCE_DB_USER.ORDERITEMS (ORDERITEMID,ORDERID,PRODUCTID,QUANTITY,ITEMPRICE,DISCOUNTAMOUNT,PROMOTIONID) values (340,83,130,3,76.54,0,null);
Insert into ECOMMERCE_DB_USER.ORDERITEMS (ORDERITEMID,ORDERID,PRODUCTID,QUANTITY,ITEMPRICE,DISCOUNTAMOUNT,PROMOTIONID) values (341,97,193,4,33.53,0,null);
Insert into ECOMMERCE_DB_USER.ORDERITEMS (ORDERITEMID,ORDERID,PRODUCTID,QUANTITY,ITEMPRICE,DISCOUNTAMOUNT,PROMOTIONID) values (342,83,5,4,36.16,0,null);
Insert into ECOMMERCE_DB_USER.ORDERITEMS (ORDERITEMID,ORDERID,PRODUCTID,QUANTITY,ITEMPRICE,DISCOUNTAMOUNT,PROMOTIONID) values (343,88,121,3,84.95,0,null);
Insert into ECOMMERCE_DB_USER.ORDERITEMS (ORDERITEMID,ORDERID,PRODUCTID,QUANTITY,ITEMPRICE,DISCOUNTAMOUNT,PROMOTIONID) values (344,35,122,2,37.69,0.75,1);
Insert into ECOMMERCE_DB_USER.ORDERITEMS (ORDERITEMID,ORDERID,PRODUCTID,QUANTITY,ITEMPRICE,DISCOUNTAMOUNT,PROMOTIONID) values (345,33,162,4,68.51,0,null);
Insert into ECOMMERCE_DB_USER.ORDERITEMS (ORDERITEMID,ORDERID,PRODUCTID,QUANTITY,ITEMPRICE,DISCOUNTAMOUNT,PROMOTIONID) values (346,1,104,2,93.3,0,null);
Insert into ECOMMERCE_DB_USER.ORDERITEMS (ORDERITEMID,ORDERID,PRODUCTID,QUANTITY,ITEMPRICE,DISCOUNTAMOUNT,PROMOTIONID) values (347,4,141,2,63.09,0,null);
Insert into ECOMMERCE_DB_USER.ORDERITEMS (ORDERITEMID,ORDERID,PRODUCTID,QUANTITY,ITEMPRICE,DISCOUNTAMOUNT,PROMOTIONID) values (348,14,20,4,11.17,0,null);
Insert into ECOMMERCE_DB_USER.ORDERITEMS (ORDERITEMID,ORDERID,PRODUCTID,QUANTITY,ITEMPRICE,DISCOUNTAMOUNT,PROMOTIONID) values (349,30,191,4,77.35,3.09,1);
Insert into ECOMMERCE_DB_USER.ORDERITEMS (ORDERITEMID,ORDERID,PRODUCTID,QUANTITY,ITEMPRICE,DISCOUNTAMOUNT,PROMOTIONID) values (350,99,142,4,12.09,0,null);
Insert into ECOMMERCE_DB_USER.ORDERITEMS (ORDERITEMID,ORDERID,PRODUCTID,QUANTITY,ITEMPRICE,DISCOUNTAMOUNT,PROMOTIONID) values (351,68,15,1,49.72,0,null);
Insert into ECOMMERCE_DB_USER.ORDERITEMS (ORDERITEMID,ORDERID,PRODUCTID,QUANTITY,ITEMPRICE,DISCOUNTAMOUNT,PROMOTIONID) values (352,81,137,2,64.34,0,null);
Insert into ECOMMERCE_DB_USER.ORDERITEMS (ORDERITEMID,ORDERID,PRODUCTID,QUANTITY,ITEMPRICE,DISCOUNTAMOUNT,PROMOTIONID) values (353,55,140,3,85.4,0,null);
Insert into ECOMMERCE_DB_USER.ORDERITEMS (ORDERITEMID,ORDERID,PRODUCTID,QUANTITY,ITEMPRICE,DISCOUNTAMOUNT,PROMOTIONID) values (354,18,171,3,10.35,0,null);
Insert into ECOMMERCE_DB_USER.ORDERITEMS (ORDERITEMID,ORDERID,PRODUCTID,QUANTITY,ITEMPRICE,DISCOUNTAMOUNT,PROMOTIONID) values (355,67,13,4,96.68,0,null);
Insert into ECOMMERCE_DB_USER.ORDERITEMS (ORDERITEMID,ORDERID,PRODUCTID,QUANTITY,ITEMPRICE,DISCOUNTAMOUNT,PROMOTIONID) values (356,13,183,2,25.85,0,null);
Insert into ECOMMERCE_DB_USER.ORDERITEMS (ORDERITEMID,ORDERID,PRODUCTID,QUANTITY,ITEMPRICE,DISCOUNTAMOUNT,PROMOTIONID) values (357,56,109,3,40.81,0,null);
Insert into ECOMMERCE_DB_USER.ORDERITEMS (ORDERITEMID,ORDERID,PRODUCTID,QUANTITY,ITEMPRICE,DISCOUNTAMOUNT,PROMOTIONID) values (358,32,41,2,10.27,0,null);
Insert into ECOMMERCE_DB_USER.ORDERITEMS (ORDERITEMID,ORDERID,PRODUCTID,QUANTITY,ITEMPRICE,DISCOUNTAMOUNT,PROMOTIONID) values (359,88,161,1,83.69,0,null);
Insert into ECOMMERCE_DB_USER.ORDERITEMS (ORDERITEMID,ORDERID,PRODUCTID,QUANTITY,ITEMPRICE,DISCOUNTAMOUNT,PROMOTIONID) values (360,21,145,3,62.63,0,null);
Insert into ECOMMERCE_DB_USER.ORDERITEMS (ORDERITEMID,ORDERID,PRODUCTID,QUANTITY,ITEMPRICE,DISCOUNTAMOUNT,PROMOTIONID) values (361,41,166,2,37.43,0,null);
Insert into ECOMMERCE_DB_USER.ORDERITEMS (ORDERITEMID,ORDERID,PRODUCTID,QUANTITY,ITEMPRICE,DISCOUNTAMOUNT,PROMOTIONID) values (362,95,118,1,97.05,0,null);
Insert into ECOMMERCE_DB_USER.ORDERITEMS (ORDERITEMID,ORDERID,PRODUCTID,QUANTITY,ITEMPRICE,DISCOUNTAMOUNT,PROMOTIONID) values (363,3,157,3,20.73,0.62,1);
Insert into ECOMMERCE_DB_USER.ORDERITEMS (ORDERITEMID,ORDERID,PRODUCTID,QUANTITY,ITEMPRICE,DISCOUNTAMOUNT,PROMOTIONID) values (364,62,17,1,31.97,0,null);
Insert into ECOMMERCE_DB_USER.ORDERITEMS (ORDERITEMID,ORDERID,PRODUCTID,QUANTITY,ITEMPRICE,DISCOUNTAMOUNT,PROMOTIONID) values (365,62,116,4,22.02,0,null);
Insert into ECOMMERCE_DB_USER.ORDERITEMS (ORDERITEMID,ORDERID,PRODUCTID,QUANTITY,ITEMPRICE,DISCOUNTAMOUNT,PROMOTIONID) values (366,89,159,3,49.16,0,null);
Insert into ECOMMERCE_DB_USER.ORDERITEMS (ORDERITEMID,ORDERID,PRODUCTID,QUANTITY,ITEMPRICE,DISCOUNTAMOUNT,PROMOTIONID) values (367,51,125,3,44.45,0,null);
Insert into ECOMMERCE_DB_USER.ORDERITEMS (ORDERITEMID,ORDERID,PRODUCTID,QUANTITY,ITEMPRICE,DISCOUNTAMOUNT,PROMOTIONID) values (368,58,39,3,17.19,0,null);
Insert into ECOMMERCE_DB_USER.ORDERITEMS (ORDERITEMID,ORDERID,PRODUCTID,QUANTITY,ITEMPRICE,DISCOUNTAMOUNT,PROMOTIONID) values (369,89,56,2,16.6,0,null);
Insert into ECOMMERCE_DB_USER.ORDERITEMS (ORDERITEMID,ORDERID,PRODUCTID,QUANTITY,ITEMPRICE,DISCOUNTAMOUNT,PROMOTIONID) values (370,50,64,1,62.79,0,null);
Insert into ECOMMERCE_DB_USER.ORDERITEMS (ORDERITEMID,ORDERID,PRODUCTID,QUANTITY,ITEMPRICE,DISCOUNTAMOUNT,PROMOTIONID) values (371,34,59,2,95.21,0,null);
Insert into ECOMMERCE_DB_USER.ORDERITEMS (ORDERITEMID,ORDERID,PRODUCTID,QUANTITY,ITEMPRICE,DISCOUNTAMOUNT,PROMOTIONID) values (372,29,106,1,54.82,0,null);
Insert into ECOMMERCE_DB_USER.ORDERITEMS (ORDERITEMID,ORDERID,PRODUCTID,QUANTITY,ITEMPRICE,DISCOUNTAMOUNT,PROMOTIONID) values (373,39,175,4,19.21,0,null);
Insert into ECOMMERCE_DB_USER.ORDERITEMS (ORDERITEMID,ORDERID,PRODUCTID,QUANTITY,ITEMPRICE,DISCOUNTAMOUNT,PROMOTIONID) values (374,52,28,1,92.49,0,null);
Insert into ECOMMERCE_DB_USER.ORDERITEMS (ORDERITEMID,ORDERID,PRODUCTID,QUANTITY,ITEMPRICE,DISCOUNTAMOUNT,PROMOTIONID) values (375,46,17,3,57.91,0,null);
Insert into ECOMMERCE_DB_USER.ORDERITEMS (ORDERITEMID,ORDERID,PRODUCTID,QUANTITY,ITEMPRICE,DISCOUNTAMOUNT,PROMOTIONID) values (376,78,121,1,92.61,0.93,1);
Insert into ECOMMERCE_DB_USER.ORDERITEMS (ORDERITEMID,ORDERID,PRODUCTID,QUANTITY,ITEMPRICE,DISCOUNTAMOUNT,PROMOTIONID) values (377,7,195,1,21.76,0,null);
Insert into ECOMMERCE_DB_USER.ORDERITEMS (ORDERITEMID,ORDERID,PRODUCTID,QUANTITY,ITEMPRICE,DISCOUNTAMOUNT,PROMOTIONID) values (378,41,69,4,95.61,0,null);
Insert into ECOMMERCE_DB_USER.ORDERITEMS (ORDERITEMID,ORDERID,PRODUCTID,QUANTITY,ITEMPRICE,DISCOUNTAMOUNT,PROMOTIONID) values (379,87,49,1,26.04,0.26,1);
Insert into ECOMMERCE_DB_USER.ORDERITEMS (ORDERITEMID,ORDERID,PRODUCTID,QUANTITY,ITEMPRICE,DISCOUNTAMOUNT,PROMOTIONID) values (380,33,170,4,90.86,0,null);
Insert into ECOMMERCE_DB_USER.ORDERITEMS (ORDERITEMID,ORDERID,PRODUCTID,QUANTITY,ITEMPRICE,DISCOUNTAMOUNT,PROMOTIONID) values (381,50,122,2,19.38,0,null);
Insert into ECOMMERCE_DB_USER.ORDERITEMS (ORDERITEMID,ORDERID,PRODUCTID,QUANTITY,ITEMPRICE,DISCOUNTAMOUNT,PROMOTIONID) values (382,33,122,4,41.92,0,null);
Insert into ECOMMERCE_DB_USER.ORDERITEMS (ORDERITEMID,ORDERID,PRODUCTID,QUANTITY,ITEMPRICE,DISCOUNTAMOUNT,PROMOTIONID) values (383,37,191,3,36.01,0,null);
Insert into ECOMMERCE_DB_USER.ORDERITEMS (ORDERITEMID,ORDERID,PRODUCTID,QUANTITY,ITEMPRICE,DISCOUNTAMOUNT,PROMOTIONID) values (384,92,38,3,46.11,0,null);
Insert into ECOMMERCE_DB_USER.ORDERITEMS (ORDERITEMID,ORDERID,PRODUCTID,QUANTITY,ITEMPRICE,DISCOUNTAMOUNT,PROMOTIONID) values (385,27,131,1,72.16,0,null);
Insert into ECOMMERCE_DB_USER.ORDERITEMS (ORDERITEMID,ORDERID,PRODUCTID,QUANTITY,ITEMPRICE,DISCOUNTAMOUNT,PROMOTIONID) values (386,87,16,2,33.75,0.68,1);
Insert into ECOMMERCE_DB_USER.ORDERITEMS (ORDERITEMID,ORDERID,PRODUCTID,QUANTITY,ITEMPRICE,DISCOUNTAMOUNT,PROMOTIONID) values (387,12,7,2,86.59,0,null);
Insert into ECOMMERCE_DB_USER.ORDERITEMS (ORDERITEMID,ORDERID,PRODUCTID,QUANTITY,ITEMPRICE,DISCOUNTAMOUNT,PROMOTIONID) values (388,99,190,4,96.38,0,null);
Insert into ECOMMERCE_DB_USER.ORDERITEMS (ORDERITEMID,ORDERID,PRODUCTID,QUANTITY,ITEMPRICE,DISCOUNTAMOUNT,PROMOTIONID) values (389,69,35,3,20.34,0,null);
Insert into ECOMMERCE_DB_USER.ORDERITEMS (ORDERITEMID,ORDERID,PRODUCTID,QUANTITY,ITEMPRICE,DISCOUNTAMOUNT,PROMOTIONID) values (390,22,9,2,48.78,0,null);
Insert into ECOMMERCE_DB_USER.ORDERITEMS (ORDERITEMID,ORDERID,PRODUCTID,QUANTITY,ITEMPRICE,DISCOUNTAMOUNT,PROMOTIONID) values (391,93,159,2,39.75,0,null);
Insert into ECOMMERCE_DB_USER.ORDERITEMS (ORDERITEMID,ORDERID,PRODUCTID,QUANTITY,ITEMPRICE,DISCOUNTAMOUNT,PROMOTIONID) values (392,53,67,2,23.24,0,null);
Insert into ECOMMERCE_DB_USER.ORDERITEMS (ORDERITEMID,ORDERID,PRODUCTID,QUANTITY,ITEMPRICE,DISCOUNTAMOUNT,PROMOTIONID) values (393,90,32,4,28.09,0,null);
Insert into ECOMMERCE_DB_USER.ORDERITEMS (ORDERITEMID,ORDERID,PRODUCTID,QUANTITY,ITEMPRICE,DISCOUNTAMOUNT,PROMOTIONID) values (394,93,77,1,65.98,0,null);
Insert into ECOMMERCE_DB_USER.ORDERITEMS (ORDERITEMID,ORDERID,PRODUCTID,QUANTITY,ITEMPRICE,DISCOUNTAMOUNT,PROMOTIONID) values (395,64,153,4,38.92,0,null);
Insert into ECOMMERCE_DB_USER.ORDERITEMS (ORDERITEMID,ORDERID,PRODUCTID,QUANTITY,ITEMPRICE,DISCOUNTAMOUNT,PROMOTIONID) values (396,56,162,2,15.15,0,null);
Insert into ECOMMERCE_DB_USER.ORDERITEMS (ORDERITEMID,ORDERID,PRODUCTID,QUANTITY,ITEMPRICE,DISCOUNTAMOUNT,PROMOTIONID) values (397,13,49,2,22.69,0,null);
Insert into ECOMMERCE_DB_USER.ORDERITEMS (ORDERITEMID,ORDERID,PRODUCTID,QUANTITY,ITEMPRICE,DISCOUNTAMOUNT,PROMOTIONID) values (398,24,155,4,28.68,0,null);
Insert into ECOMMERCE_DB_USER.ORDERITEMS (ORDERITEMID,ORDERID,PRODUCTID,QUANTITY,ITEMPRICE,DISCOUNTAMOUNT,PROMOTIONID) values (399,45,99,1,46.61,0,null);
Insert into ECOMMERCE_DB_USER.ORDERITEMS (ORDERITEMID,ORDERID,PRODUCTID,QUANTITY,ITEMPRICE,DISCOUNTAMOUNT,PROMOTIONID) values (400,41,160,2,11.89,0,null);
commit;
Insert into ECOMMERCE_DB_USER.ORDERITEMS (ORDERITEMID,ORDERID,PRODUCTID,QUANTITY,ITEMPRICE,DISCOUNTAMOUNT,PROMOTIONID) values (401,19,30,1,93.06,0.93,1);
Insert into ECOMMERCE_DB_USER.ORDERITEMS (ORDERITEMID,ORDERID,PRODUCTID,QUANTITY,ITEMPRICE,DISCOUNTAMOUNT,PROMOTIONID) values (402,34,195,3,40.19,0,null);
Insert into ECOMMERCE_DB_USER.ORDERITEMS (ORDERITEMID,ORDERID,PRODUCTID,QUANTITY,ITEMPRICE,DISCOUNTAMOUNT,PROMOTIONID) values (403,93,118,2,79.87,0,null);
Insert into ECOMMERCE_DB_USER.ORDERITEMS (ORDERITEMID,ORDERID,PRODUCTID,QUANTITY,ITEMPRICE,DISCOUNTAMOUNT,PROMOTIONID) values (404,85,117,2,15.75,0,null);
Insert into ECOMMERCE_DB_USER.ORDERITEMS (ORDERITEMID,ORDERID,PRODUCTID,QUANTITY,ITEMPRICE,DISCOUNTAMOUNT,PROMOTIONID) values (405,5,164,2,79.1,0,null);
Insert into ECOMMERCE_DB_USER.ORDERITEMS (ORDERITEMID,ORDERID,PRODUCTID,QUANTITY,ITEMPRICE,DISCOUNTAMOUNT,PROMOTIONID) values (406,12,37,2,41.75,0,null);
Insert into ECOMMERCE_DB_USER.ORDERITEMS (ORDERITEMID,ORDERID,PRODUCTID,QUANTITY,ITEMPRICE,DISCOUNTAMOUNT,PROMOTIONID) values (407,65,178,3,41.13,0,null);
Insert into ECOMMERCE_DB_USER.ORDERITEMS (ORDERITEMID,ORDERID,PRODUCTID,QUANTITY,ITEMPRICE,DISCOUNTAMOUNT,PROMOTIONID) values (408,19,115,3,84.94,2.55,1);
Insert into ECOMMERCE_DB_USER.ORDERITEMS (ORDERITEMID,ORDERID,PRODUCTID,QUANTITY,ITEMPRICE,DISCOUNTAMOUNT,PROMOTIONID) values (409,91,2,1,90.8,0,null);
Insert into ECOMMERCE_DB_USER.ORDERITEMS (ORDERITEMID,ORDERID,PRODUCTID,QUANTITY,ITEMPRICE,DISCOUNTAMOUNT,PROMOTIONID) values (410,79,179,2,16.07,0,null);
Insert into ECOMMERCE_DB_USER.ORDERITEMS (ORDERITEMID,ORDERID,PRODUCTID,QUANTITY,ITEMPRICE,DISCOUNTAMOUNT,PROMOTIONID) values (411,83,168,4,18.08,0,null);
Insert into ECOMMERCE_DB_USER.ORDERITEMS (ORDERITEMID,ORDERID,PRODUCTID,QUANTITY,ITEMPRICE,DISCOUNTAMOUNT,PROMOTIONID) values (412,37,64,2,54.42,0,null);
Insert into ECOMMERCE_DB_USER.ORDERITEMS (ORDERITEMID,ORDERID,PRODUCTID,QUANTITY,ITEMPRICE,DISCOUNTAMOUNT,PROMOTIONID) values (413,32,99,1,57.34,0,null);
Insert into ECOMMERCE_DB_USER.ORDERITEMS (ORDERITEMID,ORDERID,PRODUCTID,QUANTITY,ITEMPRICE,DISCOUNTAMOUNT,PROMOTIONID) values (414,98,153,2,86.17,0,null);
Insert into ECOMMERCE_DB_USER.ORDERITEMS (ORDERITEMID,ORDERID,PRODUCTID,QUANTITY,ITEMPRICE,DISCOUNTAMOUNT,PROMOTIONID) values (415,4,132,2,56.84,0,null);
Insert into ECOMMERCE_DB_USER.ORDERITEMS (ORDERITEMID,ORDERID,PRODUCTID,QUANTITY,ITEMPRICE,DISCOUNTAMOUNT,PROMOTIONID) values (416,55,45,1,86.88,0,null);
Insert into ECOMMERCE_DB_USER.ORDERITEMS (ORDERITEMID,ORDERID,PRODUCTID,QUANTITY,ITEMPRICE,DISCOUNTAMOUNT,PROMOTIONID) values (417,60,136,3,68,0,null);
Insert into ECOMMERCE_DB_USER.ORDERITEMS (ORDERITEMID,ORDERID,PRODUCTID,QUANTITY,ITEMPRICE,DISCOUNTAMOUNT,PROMOTIONID) values (418,48,176,1,88.76,0,null);
Insert into ECOMMERCE_DB_USER.ORDERITEMS (ORDERITEMID,ORDERID,PRODUCTID,QUANTITY,ITEMPRICE,DISCOUNTAMOUNT,PROMOTIONID) values (419,66,78,4,52.9,0,null);
Insert into ECOMMERCE_DB_USER.ORDERITEMS (ORDERITEMID,ORDERID,PRODUCTID,QUANTITY,ITEMPRICE,DISCOUNTAMOUNT,PROMOTIONID) values (420,51,125,4,97.92,0,null);
Insert into ECOMMERCE_DB_USER.ORDERITEMS (ORDERITEMID,ORDERID,PRODUCTID,QUANTITY,ITEMPRICE,DISCOUNTAMOUNT,PROMOTIONID) values (421,38,156,4,25.43,0,null);
Insert into ECOMMERCE_DB_USER.ORDERITEMS (ORDERITEMID,ORDERID,PRODUCTID,QUANTITY,ITEMPRICE,DISCOUNTAMOUNT,PROMOTIONID) values (422,34,4,3,95.98,0,null);
Insert into ECOMMERCE_DB_USER.ORDERITEMS (ORDERITEMID,ORDERID,PRODUCTID,QUANTITY,ITEMPRICE,DISCOUNTAMOUNT,PROMOTIONID) values (423,67,103,2,40.59,0,null);
Insert into ECOMMERCE_DB_USER.ORDERITEMS (ORDERITEMID,ORDERID,PRODUCTID,QUANTITY,ITEMPRICE,DISCOUNTAMOUNT,PROMOTIONID) values (424,13,112,4,49.04,0,null);
Insert into ECOMMERCE_DB_USER.ORDERITEMS (ORDERITEMID,ORDERID,PRODUCTID,QUANTITY,ITEMPRICE,DISCOUNTAMOUNT,PROMOTIONID) values (425,52,118,3,86.28,0,null);
Insert into ECOMMERCE_DB_USER.ORDERITEMS (ORDERITEMID,ORDERID,PRODUCTID,QUANTITY,ITEMPRICE,DISCOUNTAMOUNT,PROMOTIONID) values (426,20,81,2,98.72,1.97,1);
Insert into ECOMMERCE_DB_USER.ORDERITEMS (ORDERITEMID,ORDERID,PRODUCTID,QUANTITY,ITEMPRICE,DISCOUNTAMOUNT,PROMOTIONID) values (427,88,7,1,54.3,0,null);
Insert into ECOMMERCE_DB_USER.ORDERITEMS (ORDERITEMID,ORDERID,PRODUCTID,QUANTITY,ITEMPRICE,DISCOUNTAMOUNT,PROMOTIONID) values (428,39,44,4,48.07,0,null);
Insert into ECOMMERCE_DB_USER.ORDERITEMS (ORDERITEMID,ORDERID,PRODUCTID,QUANTITY,ITEMPRICE,DISCOUNTAMOUNT,PROMOTIONID) values (429,44,29,3,90.1,0,null);
Insert into ECOMMERCE_DB_USER.ORDERITEMS (ORDERITEMID,ORDERID,PRODUCTID,QUANTITY,ITEMPRICE,DISCOUNTAMOUNT,PROMOTIONID) values (430,24,169,4,34.02,0,null);
Insert into ECOMMERCE_DB_USER.ORDERITEMS (ORDERITEMID,ORDERID,PRODUCTID,QUANTITY,ITEMPRICE,DISCOUNTAMOUNT,PROMOTIONID) values (431,20,19,4,64.44,2.58,1);
Insert into ECOMMERCE_DB_USER.ORDERITEMS (ORDERITEMID,ORDERID,PRODUCTID,QUANTITY,ITEMPRICE,DISCOUNTAMOUNT,PROMOTIONID) values (432,44,11,2,26.68,0,null);
Insert into ECOMMERCE_DB_USER.ORDERITEMS (ORDERITEMID,ORDERID,PRODUCTID,QUANTITY,ITEMPRICE,DISCOUNTAMOUNT,PROMOTIONID) values (433,98,118,2,73.63,0,null);
Insert into ECOMMERCE_DB_USER.ORDERITEMS (ORDERITEMID,ORDERID,PRODUCTID,QUANTITY,ITEMPRICE,DISCOUNTAMOUNT,PROMOTIONID) values (434,3,43,4,33.85,1.35,1);
Insert into ECOMMERCE_DB_USER.ORDERITEMS (ORDERITEMID,ORDERID,PRODUCTID,QUANTITY,ITEMPRICE,DISCOUNTAMOUNT,PROMOTIONID) values (435,81,175,3,75.81,0,null);
Insert into ECOMMERCE_DB_USER.ORDERITEMS (ORDERITEMID,ORDERID,PRODUCTID,QUANTITY,ITEMPRICE,DISCOUNTAMOUNT,PROMOTIONID) values (436,24,100,2,19.91,0,null);
Insert into ECOMMERCE_DB_USER.ORDERITEMS (ORDERITEMID,ORDERID,PRODUCTID,QUANTITY,ITEMPRICE,DISCOUNTAMOUNT,PROMOTIONID) values (437,65,22,1,42.72,0,null);
Insert into ECOMMERCE_DB_USER.ORDERITEMS (ORDERITEMID,ORDERID,PRODUCTID,QUANTITY,ITEMPRICE,DISCOUNTAMOUNT,PROMOTIONID) values (438,41,146,3,74.33,0,null);
Insert into ECOMMERCE_DB_USER.ORDERITEMS (ORDERITEMID,ORDERID,PRODUCTID,QUANTITY,ITEMPRICE,DISCOUNTAMOUNT,PROMOTIONID) values (439,68,144,2,67.94,0,null);
Insert into ECOMMERCE_DB_USER.ORDERITEMS (ORDERITEMID,ORDERID,PRODUCTID,QUANTITY,ITEMPRICE,DISCOUNTAMOUNT,PROMOTIONID) values (440,46,135,1,87.63,0,null);
Insert into ECOMMERCE_DB_USER.ORDERITEMS (ORDERITEMID,ORDERID,PRODUCTID,QUANTITY,ITEMPRICE,DISCOUNTAMOUNT,PROMOTIONID) values (441,62,66,1,47.92,0,null);
Insert into ECOMMERCE_DB_USER.ORDERITEMS (ORDERITEMID,ORDERID,PRODUCTID,QUANTITY,ITEMPRICE,DISCOUNTAMOUNT,PROMOTIONID) values (442,44,157,3,33.18,0,null);
Insert into ECOMMERCE_DB_USER.ORDERITEMS (ORDERITEMID,ORDERID,PRODUCTID,QUANTITY,ITEMPRICE,DISCOUNTAMOUNT,PROMOTIONID) values (443,2,71,3,53.15,0,null);
Insert into ECOMMERCE_DB_USER.ORDERITEMS (ORDERITEMID,ORDERID,PRODUCTID,QUANTITY,ITEMPRICE,DISCOUNTAMOUNT,PROMOTIONID) values (444,35,38,2,86.3,1.73,1);
Insert into ECOMMERCE_DB_USER.ORDERITEMS (ORDERITEMID,ORDERID,PRODUCTID,QUANTITY,ITEMPRICE,DISCOUNTAMOUNT,PROMOTIONID) values (445,21,43,4,86.55,0,null);
Insert into ECOMMERCE_DB_USER.ORDERITEMS (ORDERITEMID,ORDERID,PRODUCTID,QUANTITY,ITEMPRICE,DISCOUNTAMOUNT,PROMOTIONID) values (446,78,2,4,69.84,2.79,1);
Insert into ECOMMERCE_DB_USER.ORDERITEMS (ORDERITEMID,ORDERID,PRODUCTID,QUANTITY,ITEMPRICE,DISCOUNTAMOUNT,PROMOTIONID) values (447,31,155,2,53.68,0,null);
Insert into ECOMMERCE_DB_USER.ORDERITEMS (ORDERITEMID,ORDERID,PRODUCTID,QUANTITY,ITEMPRICE,DISCOUNTAMOUNT,PROMOTIONID) values (448,89,27,1,49.54,0,null);
Insert into ECOMMERCE_DB_USER.ORDERITEMS (ORDERITEMID,ORDERID,PRODUCTID,QUANTITY,ITEMPRICE,DISCOUNTAMOUNT,PROMOTIONID) values (449,20,172,1,70.53,0.71,1);
Insert into ECOMMERCE_DB_USER.ORDERITEMS (ORDERITEMID,ORDERID,PRODUCTID,QUANTITY,ITEMPRICE,DISCOUNTAMOUNT,PROMOTIONID) values (450,29,14,2,70.26,0,null);
Insert into ECOMMERCE_DB_USER.ORDERITEMS (ORDERITEMID,ORDERID,PRODUCTID,QUANTITY,ITEMPRICE,DISCOUNTAMOUNT,PROMOTIONID) values (451,47,170,4,78.22,0,null);
Insert into ECOMMERCE_DB_USER.ORDERITEMS (ORDERITEMID,ORDERID,PRODUCTID,QUANTITY,ITEMPRICE,DISCOUNTAMOUNT,PROMOTIONID) values (452,92,16,3,89.83,0,null);
Insert into ECOMMERCE_DB_USER.ORDERITEMS (ORDERITEMID,ORDERID,PRODUCTID,QUANTITY,ITEMPRICE,DISCOUNTAMOUNT,PROMOTIONID) values (453,93,84,2,31.66,0,null);
Insert into ECOMMERCE_DB_USER.ORDERITEMS (ORDERITEMID,ORDERID,PRODUCTID,QUANTITY,ITEMPRICE,DISCOUNTAMOUNT,PROMOTIONID) values (454,69,15,3,94.16,0,null);
Insert into ECOMMERCE_DB_USER.ORDERITEMS (ORDERITEMID,ORDERID,PRODUCTID,QUANTITY,ITEMPRICE,DISCOUNTAMOUNT,PROMOTIONID) values (455,11,110,4,39.51,0,null);
Insert into ECOMMERCE_DB_USER.ORDERITEMS (ORDERITEMID,ORDERID,PRODUCTID,QUANTITY,ITEMPRICE,DISCOUNTAMOUNT,PROMOTIONID) values (456,92,163,3,29.58,0,null);
Insert into ECOMMERCE_DB_USER.ORDERITEMS (ORDERITEMID,ORDERID,PRODUCTID,QUANTITY,ITEMPRICE,DISCOUNTAMOUNT,PROMOTIONID) values (457,22,154,1,67.42,0,null);
Insert into ECOMMERCE_DB_USER.ORDERITEMS (ORDERITEMID,ORDERID,PRODUCTID,QUANTITY,ITEMPRICE,DISCOUNTAMOUNT,PROMOTIONID) values (458,26,149,3,70.18,0,null);
Insert into ECOMMERCE_DB_USER.ORDERITEMS (ORDERITEMID,ORDERID,PRODUCTID,QUANTITY,ITEMPRICE,DISCOUNTAMOUNT,PROMOTIONID) values (459,7,162,3,73.38,0,null);
Insert into ECOMMERCE_DB_USER.ORDERITEMS (ORDERITEMID,ORDERID,PRODUCTID,QUANTITY,ITEMPRICE,DISCOUNTAMOUNT,PROMOTIONID) values (460,9,93,3,31.98,0,null);
Insert into ECOMMERCE_DB_USER.ORDERITEMS (ORDERITEMID,ORDERID,PRODUCTID,QUANTITY,ITEMPRICE,DISCOUNTAMOUNT,PROMOTIONID) values (461,20,169,3,62.19,1.87,1);
Insert into ECOMMERCE_DB_USER.ORDERITEMS (ORDERITEMID,ORDERID,PRODUCTID,QUANTITY,ITEMPRICE,DISCOUNTAMOUNT,PROMOTIONID) values (462,21,131,2,37.54,0,null);
Insert into ECOMMERCE_DB_USER.ORDERITEMS (ORDERITEMID,ORDERID,PRODUCTID,QUANTITY,ITEMPRICE,DISCOUNTAMOUNT,PROMOTIONID) values (463,41,12,1,28.75,0,null);
Insert into ECOMMERCE_DB_USER.ORDERITEMS (ORDERITEMID,ORDERID,PRODUCTID,QUANTITY,ITEMPRICE,DISCOUNTAMOUNT,PROMOTIONID) values (464,88,13,4,71.61,0,null);
Insert into ECOMMERCE_DB_USER.ORDERITEMS (ORDERITEMID,ORDERID,PRODUCTID,QUANTITY,ITEMPRICE,DISCOUNTAMOUNT,PROMOTIONID) values (465,62,199,2,25.68,0,null);
Insert into ECOMMERCE_DB_USER.ORDERITEMS (ORDERITEMID,ORDERID,PRODUCTID,QUANTITY,ITEMPRICE,DISCOUNTAMOUNT,PROMOTIONID) values (466,82,16,3,99.93,0,null);
Insert into ECOMMERCE_DB_USER.ORDERITEMS (ORDERITEMID,ORDERID,PRODUCTID,QUANTITY,ITEMPRICE,DISCOUNTAMOUNT,PROMOTIONID) values (467,24,21,4,79.73,0,null);
Insert into ECOMMERCE_DB_USER.ORDERITEMS (ORDERITEMID,ORDERID,PRODUCTID,QUANTITY,ITEMPRICE,DISCOUNTAMOUNT,PROMOTIONID) values (468,53,16,1,37.19,0,null);
Insert into ECOMMERCE_DB_USER.ORDERITEMS (ORDERITEMID,ORDERID,PRODUCTID,QUANTITY,ITEMPRICE,DISCOUNTAMOUNT,PROMOTIONID) values (469,40,126,4,21.3,0,null);
Insert into ECOMMERCE_DB_USER.ORDERITEMS (ORDERITEMID,ORDERID,PRODUCTID,QUANTITY,ITEMPRICE,DISCOUNTAMOUNT,PROMOTIONID) values (470,47,15,3,66.87,0,null);
Insert into ECOMMERCE_DB_USER.ORDERITEMS (ORDERITEMID,ORDERID,PRODUCTID,QUANTITY,ITEMPRICE,DISCOUNTAMOUNT,PROMOTIONID) values (471,83,31,4,22.32,0,null);
Insert into ECOMMERCE_DB_USER.ORDERITEMS (ORDERITEMID,ORDERID,PRODUCTID,QUANTITY,ITEMPRICE,DISCOUNTAMOUNT,PROMOTIONID) values (472,81,81,2,72.18,0,null);
Insert into ECOMMERCE_DB_USER.ORDERITEMS (ORDERITEMID,ORDERID,PRODUCTID,QUANTITY,ITEMPRICE,DISCOUNTAMOUNT,PROMOTIONID) values (473,80,1,4,91.9,0,null);
Insert into ECOMMERCE_DB_USER.ORDERITEMS (ORDERITEMID,ORDERID,PRODUCTID,QUANTITY,ITEMPRICE,DISCOUNTAMOUNT,PROMOTIONID) values (474,54,22,1,48.76,0,null);
Insert into ECOMMERCE_DB_USER.ORDERITEMS (ORDERITEMID,ORDERID,PRODUCTID,QUANTITY,ITEMPRICE,DISCOUNTAMOUNT,PROMOTIONID) values (475,94,134,2,76.6,0,null);
Insert into ECOMMERCE_DB_USER.ORDERITEMS (ORDERITEMID,ORDERID,PRODUCTID,QUANTITY,ITEMPRICE,DISCOUNTAMOUNT,PROMOTIONID) values (476,73,111,3,82.81,0,null);
Insert into ECOMMERCE_DB_USER.ORDERITEMS (ORDERITEMID,ORDERID,PRODUCTID,QUANTITY,ITEMPRICE,DISCOUNTAMOUNT,PROMOTIONID) values (477,69,181,2,41.78,0,null);
Insert into ECOMMERCE_DB_USER.ORDERITEMS (ORDERITEMID,ORDERID,PRODUCTID,QUANTITY,ITEMPRICE,DISCOUNTAMOUNT,PROMOTIONID) values (478,14,82,2,51.25,0,null);
Insert into ECOMMERCE_DB_USER.ORDERITEMS (ORDERITEMID,ORDERID,PRODUCTID,QUANTITY,ITEMPRICE,DISCOUNTAMOUNT,PROMOTIONID) values (479,15,49,2,66.9,0,null);
Insert into ECOMMERCE_DB_USER.ORDERITEMS (ORDERITEMID,ORDERID,PRODUCTID,QUANTITY,ITEMPRICE,DISCOUNTAMOUNT,PROMOTIONID) values (480,48,181,3,13.55,0,null);
Insert into ECOMMERCE_DB_USER.ORDERITEMS (ORDERITEMID,ORDERID,PRODUCTID,QUANTITY,ITEMPRICE,DISCOUNTAMOUNT,PROMOTIONID) values (481,11,164,3,16.98,0,null);
Insert into ECOMMERCE_DB_USER.ORDERITEMS (ORDERITEMID,ORDERID,PRODUCTID,QUANTITY,ITEMPRICE,DISCOUNTAMOUNT,PROMOTIONID) values (482,19,85,3,40.98,1.23,1);
Insert into ECOMMERCE_DB_USER.ORDERITEMS (ORDERITEMID,ORDERID,PRODUCTID,QUANTITY,ITEMPRICE,DISCOUNTAMOUNT,PROMOTIONID) values (483,31,53,4,28.5,0,null);
Insert into ECOMMERCE_DB_USER.ORDERITEMS (ORDERITEMID,ORDERID,PRODUCTID,QUANTITY,ITEMPRICE,DISCOUNTAMOUNT,PROMOTIONID) values (484,62,27,2,57.28,0,null);
Insert into ECOMMERCE_DB_USER.ORDERITEMS (ORDERITEMID,ORDERID,PRODUCTID,QUANTITY,ITEMPRICE,DISCOUNTAMOUNT,PROMOTIONID) values (485,7,36,2,95.14,0,null);
Insert into ECOMMERCE_DB_USER.ORDERITEMS (ORDERITEMID,ORDERID,PRODUCTID,QUANTITY,ITEMPRICE,DISCOUNTAMOUNT,PROMOTIONID) values (486,81,134,1,95.9,0,null);
Insert into ECOMMERCE_DB_USER.ORDERITEMS (ORDERITEMID,ORDERID,PRODUCTID,QUANTITY,ITEMPRICE,DISCOUNTAMOUNT,PROMOTIONID) values (487,25,38,3,12.5,0,null);
Insert into ECOMMERCE_DB_USER.ORDERITEMS (ORDERITEMID,ORDERID,PRODUCTID,QUANTITY,ITEMPRICE,DISCOUNTAMOUNT,PROMOTIONID) values (488,2,186,2,15.08,0,null);
Insert into ECOMMERCE_DB_USER.ORDERITEMS (ORDERITEMID,ORDERID,PRODUCTID,QUANTITY,ITEMPRICE,DISCOUNTAMOUNT,PROMOTIONID) values (489,49,8,4,92.95,0,null);
Insert into ECOMMERCE_DB_USER.ORDERITEMS (ORDERITEMID,ORDERID,PRODUCTID,QUANTITY,ITEMPRICE,DISCOUNTAMOUNT,PROMOTIONID) values (490,97,68,1,99.65,0,null);
Insert into ECOMMERCE_DB_USER.ORDERITEMS (ORDERITEMID,ORDERID,PRODUCTID,QUANTITY,ITEMPRICE,DISCOUNTAMOUNT,PROMOTIONID) values (491,17,40,3,78.59,0,null);
Insert into ECOMMERCE_DB_USER.ORDERITEMS (ORDERITEMID,ORDERID,PRODUCTID,QUANTITY,ITEMPRICE,DISCOUNTAMOUNT,PROMOTIONID) values (492,54,151,4,28.79,0,null);
Insert into ECOMMERCE_DB_USER.ORDERITEMS (ORDERITEMID,ORDERID,PRODUCTID,QUANTITY,ITEMPRICE,DISCOUNTAMOUNT,PROMOTIONID) values (493,42,160,3,37.01,0,null);
Insert into ECOMMERCE_DB_USER.ORDERITEMS (ORDERITEMID,ORDERID,PRODUCTID,QUANTITY,ITEMPRICE,DISCOUNTAMOUNT,PROMOTIONID) values (494,58,168,4,41.99,0,null);
Insert into ECOMMERCE_DB_USER.ORDERITEMS (ORDERITEMID,ORDERID,PRODUCTID,QUANTITY,ITEMPRICE,DISCOUNTAMOUNT,PROMOTIONID) values (495,2,46,1,28.32,0,null);
Insert into ECOMMERCE_DB_USER.ORDERITEMS (ORDERITEMID,ORDERID,PRODUCTID,QUANTITY,ITEMPRICE,DISCOUNTAMOUNT,PROMOTIONID) values (496,36,41,2,81.86,0,null);
Insert into ECOMMERCE_DB_USER.ORDERITEMS (ORDERITEMID,ORDERID,PRODUCTID,QUANTITY,ITEMPRICE,DISCOUNTAMOUNT,PROMOTIONID) values (497,30,136,1,64.24,0.64,1);
Insert into ECOMMERCE_DB_USER.ORDERITEMS (ORDERITEMID,ORDERID,PRODUCTID,QUANTITY,ITEMPRICE,DISCOUNTAMOUNT,PROMOTIONID) values (498,47,119,3,30.9,0,null);
Insert into ECOMMERCE_DB_USER.ORDERITEMS (ORDERITEMID,ORDERID,PRODUCTID,QUANTITY,ITEMPRICE,DISCOUNTAMOUNT,PROMOTIONID) values (499,38,10,3,42.22,0,null);
Insert into ECOMMERCE_DB_USER.ORDERITEMS (ORDERITEMID,ORDERID,PRODUCTID,QUANTITY,ITEMPRICE,DISCOUNTAMOUNT,PROMOTIONID) values (500,43,27,1,70.36,0,null);
commit;
Insert into ECOMMERCE_DB_USER.ORDERITEMS (ORDERITEMID,ORDERID,PRODUCTID,QUANTITY,ITEMPRICE,DISCOUNTAMOUNT,PROMOTIONID) values (1,6,155,1,38.53,0,null);
Insert into ECOMMERCE_DB_USER.ORDERITEMS (ORDERITEMID,ORDERID,PRODUCTID,QUANTITY,ITEMPRICE,DISCOUNTAMOUNT,PROMOTIONID) values (2,94,193,3,70.61,0,null);
Insert into ECOMMERCE_DB_USER.ORDERITEMS (ORDERITEMID,ORDERID,PRODUCTID,QUANTITY,ITEMPRICE,DISCOUNTAMOUNT,PROMOTIONID) values (3,69,134,4,62.21,0,null);
Insert into ECOMMERCE_DB_USER.ORDERITEMS (ORDERITEMID,ORDERID,PRODUCTID,QUANTITY,ITEMPRICE,DISCOUNTAMOUNT,PROMOTIONID) values (4,65,173,4,30.27,0,null);
Insert into ECOMMERCE_DB_USER.ORDERITEMS (ORDERITEMID,ORDERID,PRODUCTID,QUANTITY,ITEMPRICE,DISCOUNTAMOUNT,PROMOTIONID) values (5,58,59,4,72.75,0,null);
Insert into ECOMMERCE_DB_USER.ORDERITEMS (ORDERITEMID,ORDERID,PRODUCTID,QUANTITY,ITEMPRICE,DISCOUNTAMOUNT,PROMOTIONID) values (6,71,112,3,55.12,0,null);
Insert into ECOMMERCE_DB_USER.ORDERITEMS (ORDERITEMID,ORDERID,PRODUCTID,QUANTITY,ITEMPRICE,DISCOUNTAMOUNT,PROMOTIONID) values (7,26,107,3,43.78,0,null);
Insert into ECOMMERCE_DB_USER.ORDERITEMS (ORDERITEMID,ORDERID,PRODUCTID,QUANTITY,ITEMPRICE,DISCOUNTAMOUNT,PROMOTIONID) values (8,76,143,1,47.79,0,null);
Insert into ECOMMERCE_DB_USER.ORDERITEMS (ORDERITEMID,ORDERID,PRODUCTID,QUANTITY,ITEMPRICE,DISCOUNTAMOUNT,PROMOTIONID) values (9,8,182,4,65,0,null);
Insert into ECOMMERCE_DB_USER.ORDERITEMS (ORDERITEMID,ORDERID,PRODUCTID,QUANTITY,ITEMPRICE,DISCOUNTAMOUNT,PROMOTIONID) values (10,73,68,3,87.72,0,null);
Insert into ECOMMERCE_DB_USER.ORDERITEMS (ORDERITEMID,ORDERID,PRODUCTID,QUANTITY,ITEMPRICE,DISCOUNTAMOUNT,PROMOTIONID) values (11,98,105,3,42.61,0,null);
Insert into ECOMMERCE_DB_USER.ORDERITEMS (ORDERITEMID,ORDERID,PRODUCTID,QUANTITY,ITEMPRICE,DISCOUNTAMOUNT,PROMOTIONID) values (12,97,6,3,48.63,0,null);
Insert into ECOMMERCE_DB_USER.ORDERITEMS (ORDERITEMID,ORDERID,PRODUCTID,QUANTITY,ITEMPRICE,DISCOUNTAMOUNT,PROMOTIONID) values (13,94,50,4,17.93,0,null);
Insert into ECOMMERCE_DB_USER.ORDERITEMS (ORDERITEMID,ORDERID,PRODUCTID,QUANTITY,ITEMPRICE,DISCOUNTAMOUNT,PROMOTIONID) values (14,86,84,2,38.21,0,null);
Insert into ECOMMERCE_DB_USER.ORDERITEMS (ORDERITEMID,ORDERID,PRODUCTID,QUANTITY,ITEMPRICE,DISCOUNTAMOUNT,PROMOTIONID) values (15,31,141,3,73.58,0,null);
Insert into ECOMMERCE_DB_USER.ORDERITEMS (ORDERITEMID,ORDERID,PRODUCTID,QUANTITY,ITEMPRICE,DISCOUNTAMOUNT,PROMOTIONID) values (16,68,149,1,78.73,0,null);
Insert into ECOMMERCE_DB_USER.ORDERITEMS (ORDERITEMID,ORDERID,PRODUCTID,QUANTITY,ITEMPRICE,DISCOUNTAMOUNT,PROMOTIONID) values (17,58,134,1,44.42,0,null);
Insert into ECOMMERCE_DB_USER.ORDERITEMS (ORDERITEMID,ORDERID,PRODUCTID,QUANTITY,ITEMPRICE,DISCOUNTAMOUNT,PROMOTIONID) values (18,21,107,1,60.66,0,null);
Insert into ECOMMERCE_DB_USER.ORDERITEMS (ORDERITEMID,ORDERID,PRODUCTID,QUANTITY,ITEMPRICE,DISCOUNTAMOUNT,PROMOTIONID) values (19,82,82,1,71.63,0,null);
Insert into ECOMMERCE_DB_USER.ORDERITEMS (ORDERITEMID,ORDERID,PRODUCTID,QUANTITY,ITEMPRICE,DISCOUNTAMOUNT,PROMOTIONID) values (20,59,43,4,27.95,0,null);
Insert into ECOMMERCE_DB_USER.ORDERITEMS (ORDERITEMID,ORDERID,PRODUCTID,QUANTITY,ITEMPRICE,DISCOUNTAMOUNT,PROMOTIONID) values (21,78,90,2,66.58,1.33,1);
Insert into ECOMMERCE_DB_USER.ORDERITEMS (ORDERITEMID,ORDERID,PRODUCTID,QUANTITY,ITEMPRICE,DISCOUNTAMOUNT,PROMOTIONID) values (22,14,108,3,44.39,0,null);
Insert into ECOMMERCE_DB_USER.ORDERITEMS (ORDERITEMID,ORDERID,PRODUCTID,QUANTITY,ITEMPRICE,DISCOUNTAMOUNT,PROMOTIONID) values (23,62,97,2,46.94,0,null);
Insert into ECOMMERCE_DB_USER.ORDERITEMS (ORDERITEMID,ORDERID,PRODUCTID,QUANTITY,ITEMPRICE,DISCOUNTAMOUNT,PROMOTIONID) values (24,9,144,3,60.81,0,null);
Insert into ECOMMERCE_DB_USER.ORDERITEMS (ORDERITEMID,ORDERID,PRODUCTID,QUANTITY,ITEMPRICE,DISCOUNTAMOUNT,PROMOTIONID) values (25,20,150,3,26.29,0.79,1);
Insert into ECOMMERCE_DB_USER.ORDERITEMS (ORDERITEMID,ORDERID,PRODUCTID,QUANTITY,ITEMPRICE,DISCOUNTAMOUNT,PROMOTIONID) values (26,56,152,4,78.86,0,null);
Insert into ECOMMERCE_DB_USER.ORDERITEMS (ORDERITEMID,ORDERID,PRODUCTID,QUANTITY,ITEMPRICE,DISCOUNTAMOUNT,PROMOTIONID) values (27,66,199,4,51,0,null);
Insert into ECOMMERCE_DB_USER.ORDERITEMS (ORDERITEMID,ORDERID,PRODUCTID,QUANTITY,ITEMPRICE,DISCOUNTAMOUNT,PROMOTIONID) values (28,63,72,3,18.45,0.55,1);
Insert into ECOMMERCE_DB_USER.ORDERITEMS (ORDERITEMID,ORDERID,PRODUCTID,QUANTITY,ITEMPRICE,DISCOUNTAMOUNT,PROMOTIONID) values (29,16,32,2,83.44,0,null);
Insert into ECOMMERCE_DB_USER.ORDERITEMS (ORDERITEMID,ORDERID,PRODUCTID,QUANTITY,ITEMPRICE,DISCOUNTAMOUNT,PROMOTIONID) values (30,29,165,1,28.16,0,null);
Insert into ECOMMERCE_DB_USER.ORDERITEMS (ORDERITEMID,ORDERID,PRODUCTID,QUANTITY,ITEMPRICE,DISCOUNTAMOUNT,PROMOTIONID) values (31,16,102,4,36.05,0,null);
Insert into ECOMMERCE_DB_USER.ORDERITEMS (ORDERITEMID,ORDERID,PRODUCTID,QUANTITY,ITEMPRICE,DISCOUNTAMOUNT,PROMOTIONID) values (32,26,143,1,11.49,0,null);
Insert into ECOMMERCE_DB_USER.ORDERITEMS (ORDERITEMID,ORDERID,PRODUCTID,QUANTITY,ITEMPRICE,DISCOUNTAMOUNT,PROMOTIONID) values (33,17,161,4,23.91,0,null);
Insert into ECOMMERCE_DB_USER.ORDERITEMS (ORDERITEMID,ORDERID,PRODUCTID,QUANTITY,ITEMPRICE,DISCOUNTAMOUNT,PROMOTIONID) values (34,97,184,4,49.74,0,null);
Insert into ECOMMERCE_DB_USER.ORDERITEMS (ORDERITEMID,ORDERID,PRODUCTID,QUANTITY,ITEMPRICE,DISCOUNTAMOUNT,PROMOTIONID) values (35,44,48,1,79.31,0,null);
Insert into ECOMMERCE_DB_USER.ORDERITEMS (ORDERITEMID,ORDERID,PRODUCTID,QUANTITY,ITEMPRICE,DISCOUNTAMOUNT,PROMOTIONID) values (36,89,50,2,79.77,0,null);
Insert into ECOMMERCE_DB_USER.ORDERITEMS (ORDERITEMID,ORDERID,PRODUCTID,QUANTITY,ITEMPRICE,DISCOUNTAMOUNT,PROMOTIONID) values (37,64,130,1,43.32,0,null);
Insert into ECOMMERCE_DB_USER.ORDERITEMS (ORDERITEMID,ORDERID,PRODUCTID,QUANTITY,ITEMPRICE,DISCOUNTAMOUNT,PROMOTIONID) values (38,55,154,4,42,0,null);
Insert into ECOMMERCE_DB_USER.ORDERITEMS (ORDERITEMID,ORDERID,PRODUCTID,QUANTITY,ITEMPRICE,DISCOUNTAMOUNT,PROMOTIONID) values (39,26,108,2,83.91,0,null);
Insert into ECOMMERCE_DB_USER.ORDERITEMS (ORDERITEMID,ORDERID,PRODUCTID,QUANTITY,ITEMPRICE,DISCOUNTAMOUNT,PROMOTIONID) values (40,48,24,4,84.12,0,null);
Insert into ECOMMERCE_DB_USER.ORDERITEMS (ORDERITEMID,ORDERID,PRODUCTID,QUANTITY,ITEMPRICE,DISCOUNTAMOUNT,PROMOTIONID) values (41,80,128,3,64.91,0,null);
Insert into ECOMMERCE_DB_USER.ORDERITEMS (ORDERITEMID,ORDERID,PRODUCTID,QUANTITY,ITEMPRICE,DISCOUNTAMOUNT,PROMOTIONID) values (42,28,96,3,63.9,0,null);
Insert into ECOMMERCE_DB_USER.ORDERITEMS (ORDERITEMID,ORDERID,PRODUCTID,QUANTITY,ITEMPRICE,DISCOUNTAMOUNT,PROMOTIONID) values (43,39,84,3,26.6,0,null);
Insert into ECOMMERCE_DB_USER.ORDERITEMS (ORDERITEMID,ORDERID,PRODUCTID,QUANTITY,ITEMPRICE,DISCOUNTAMOUNT,PROMOTIONID) values (44,8,124,4,82.12,0,null);
Insert into ECOMMERCE_DB_USER.ORDERITEMS (ORDERITEMID,ORDERID,PRODUCTID,QUANTITY,ITEMPRICE,DISCOUNTAMOUNT,PROMOTIONID) values (45,17,4,3,82.47,0,null);
Insert into ECOMMERCE_DB_USER.ORDERITEMS (ORDERITEMID,ORDERID,PRODUCTID,QUANTITY,ITEMPRICE,DISCOUNTAMOUNT,PROMOTIONID) values (46,49,178,2,48.45,0,null);
Insert into ECOMMERCE_DB_USER.ORDERITEMS (ORDERITEMID,ORDERID,PRODUCTID,QUANTITY,ITEMPRICE,DISCOUNTAMOUNT,PROMOTIONID) values (47,34,67,4,50.93,0,null);
Insert into ECOMMERCE_DB_USER.ORDERITEMS (ORDERITEMID,ORDERID,PRODUCTID,QUANTITY,ITEMPRICE,DISCOUNTAMOUNT,PROMOTIONID) values (48,5,149,2,31.87,0,null);
Insert into ECOMMERCE_DB_USER.ORDERITEMS (ORDERITEMID,ORDERID,PRODUCTID,QUANTITY,ITEMPRICE,DISCOUNTAMOUNT,PROMOTIONID) values (49,87,139,2,26.08,0.52,1);
Insert into ECOMMERCE_DB_USER.ORDERITEMS (ORDERITEMID,ORDERID,PRODUCTID,QUANTITY,ITEMPRICE,DISCOUNTAMOUNT,PROMOTIONID) values (50,72,3,2,13.21,0,null);
Insert into ECOMMERCE_DB_USER.ORDERITEMS (ORDERITEMID,ORDERID,PRODUCTID,QUANTITY,ITEMPRICE,DISCOUNTAMOUNT,PROMOTIONID) values (51,8,162,3,65.96,0,null);
Insert into ECOMMERCE_DB_USER.ORDERITEMS (ORDERITEMID,ORDERID,PRODUCTID,QUANTITY,ITEMPRICE,DISCOUNTAMOUNT,PROMOTIONID) values (52,40,148,1,48.15,0,null);
Insert into ECOMMERCE_DB_USER.ORDERITEMS (ORDERITEMID,ORDERID,PRODUCTID,QUANTITY,ITEMPRICE,DISCOUNTAMOUNT,PROMOTIONID) values (53,56,26,3,97.17,0,null);
Insert into ECOMMERCE_DB_USER.ORDERITEMS (ORDERITEMID,ORDERID,PRODUCTID,QUANTITY,ITEMPRICE,DISCOUNTAMOUNT,PROMOTIONID) values (54,2,31,2,22.81,0,null);
Insert into ECOMMERCE_DB_USER.ORDERITEMS (ORDERITEMID,ORDERID,PRODUCTID,QUANTITY,ITEMPRICE,DISCOUNTAMOUNT,PROMOTIONID) values (55,97,117,1,39.09,0,null);
Insert into ECOMMERCE_DB_USER.ORDERITEMS (ORDERITEMID,ORDERID,PRODUCTID,QUANTITY,ITEMPRICE,DISCOUNTAMOUNT,PROMOTIONID) values (56,23,160,4,34.13,0,null);
Insert into ECOMMERCE_DB_USER.ORDERITEMS (ORDERITEMID,ORDERID,PRODUCTID,QUANTITY,ITEMPRICE,DISCOUNTAMOUNT,PROMOTIONID) values (57,12,193,2,81.77,0,null);
Insert into ECOMMERCE_DB_USER.ORDERITEMS (ORDERITEMID,ORDERID,PRODUCTID,QUANTITY,ITEMPRICE,DISCOUNTAMOUNT,PROMOTIONID) values (58,63,70,4,31.06,1.24,1);
Insert into ECOMMERCE_DB_USER.ORDERITEMS (ORDERITEMID,ORDERID,PRODUCTID,QUANTITY,ITEMPRICE,DISCOUNTAMOUNT,PROMOTIONID) values (59,83,43,2,89.64,0,null);
Insert into ECOMMERCE_DB_USER.ORDERITEMS (ORDERITEMID,ORDERID,PRODUCTID,QUANTITY,ITEMPRICE,DISCOUNTAMOUNT,PROMOTIONID) values (60,64,106,4,90.97,0,null);
Insert into ECOMMERCE_DB_USER.ORDERITEMS (ORDERITEMID,ORDERID,PRODUCTID,QUANTITY,ITEMPRICE,DISCOUNTAMOUNT,PROMOTIONID) values (61,47,120,2,15.09,0,null);
Insert into ECOMMERCE_DB_USER.ORDERITEMS (ORDERITEMID,ORDERID,PRODUCTID,QUANTITY,ITEMPRICE,DISCOUNTAMOUNT,PROMOTIONID) values (62,90,103,2,86.59,0,null);
Insert into ECOMMERCE_DB_USER.ORDERITEMS (ORDERITEMID,ORDERID,PRODUCTID,QUANTITY,ITEMPRICE,DISCOUNTAMOUNT,PROMOTIONID) values (63,28,89,3,95.35,0,null);
Insert into ECOMMERCE_DB_USER.ORDERITEMS (ORDERITEMID,ORDERID,PRODUCTID,QUANTITY,ITEMPRICE,DISCOUNTAMOUNT,PROMOTIONID) values (64,81,44,2,26.8,0,null);
Insert into ECOMMERCE_DB_USER.ORDERITEMS (ORDERITEMID,ORDERID,PRODUCTID,QUANTITY,ITEMPRICE,DISCOUNTAMOUNT,PROMOTIONID) values (65,78,183,2,12.62,0.25,1);
Insert into ECOMMERCE_DB_USER.ORDERITEMS (ORDERITEMID,ORDERID,PRODUCTID,QUANTITY,ITEMPRICE,DISCOUNTAMOUNT,PROMOTIONID) values (66,10,198,3,45.07,0,null);
Insert into ECOMMERCE_DB_USER.ORDERITEMS (ORDERITEMID,ORDERID,PRODUCTID,QUANTITY,ITEMPRICE,DISCOUNTAMOUNT,PROMOTIONID) values (67,35,11,4,68.62,2.74,1);
Insert into ECOMMERCE_DB_USER.ORDERITEMS (ORDERITEMID,ORDERID,PRODUCTID,QUANTITY,ITEMPRICE,DISCOUNTAMOUNT,PROMOTIONID) values (68,68,21,1,49.8,0,null);
Insert into ECOMMERCE_DB_USER.ORDERITEMS (ORDERITEMID,ORDERID,PRODUCTID,QUANTITY,ITEMPRICE,DISCOUNTAMOUNT,PROMOTIONID) values (69,19,98,2,21.22,0.42,1);
Insert into ECOMMERCE_DB_USER.ORDERITEMS (ORDERITEMID,ORDERID,PRODUCTID,QUANTITY,ITEMPRICE,DISCOUNTAMOUNT,PROMOTIONID) values (70,32,46,1,45.55,0,null);
Insert into ECOMMERCE_DB_USER.ORDERITEMS (ORDERITEMID,ORDERID,PRODUCTID,QUANTITY,ITEMPRICE,DISCOUNTAMOUNT,PROMOTIONID) values (71,41,173,3,50.15,0,null);
Insert into ECOMMERCE_DB_USER.ORDERITEMS (ORDERITEMID,ORDERID,PRODUCTID,QUANTITY,ITEMPRICE,DISCOUNTAMOUNT,PROMOTIONID) values (72,57,29,2,65.07,1.3,1);
Insert into ECOMMERCE_DB_USER.ORDERITEMS (ORDERITEMID,ORDERID,PRODUCTID,QUANTITY,ITEMPRICE,DISCOUNTAMOUNT,PROMOTIONID) values (73,14,169,4,75.91,0,null);
Insert into ECOMMERCE_DB_USER.ORDERITEMS (ORDERITEMID,ORDERID,PRODUCTID,QUANTITY,ITEMPRICE,DISCOUNTAMOUNT,PROMOTIONID) values (74,52,102,2,83.03,0,null);
Insert into ECOMMERCE_DB_USER.ORDERITEMS (ORDERITEMID,ORDERID,PRODUCTID,QUANTITY,ITEMPRICE,DISCOUNTAMOUNT,PROMOTIONID) values (75,65,56,3,62.54,0,null);
Insert into ECOMMERCE_DB_USER.ORDERITEMS (ORDERITEMID,ORDERID,PRODUCTID,QUANTITY,ITEMPRICE,DISCOUNTAMOUNT,PROMOTIONID) values (76,62,86,2,52.24,0,null);
Insert into ECOMMERCE_DB_USER.ORDERITEMS (ORDERITEMID,ORDERID,PRODUCTID,QUANTITY,ITEMPRICE,DISCOUNTAMOUNT,PROMOTIONID) values (77,93,176,1,21.63,0,null);
Insert into ECOMMERCE_DB_USER.ORDERITEMS (ORDERITEMID,ORDERID,PRODUCTID,QUANTITY,ITEMPRICE,DISCOUNTAMOUNT,PROMOTIONID) values (78,44,85,3,27.24,0,null);
Insert into ECOMMERCE_DB_USER.ORDERITEMS (ORDERITEMID,ORDERID,PRODUCTID,QUANTITY,ITEMPRICE,DISCOUNTAMOUNT,PROMOTIONID) values (79,78,33,2,69.61,1.39,1);
Insert into ECOMMERCE_DB_USER.ORDERITEMS (ORDERITEMID,ORDERID,PRODUCTID,QUANTITY,ITEMPRICE,DISCOUNTAMOUNT,PROMOTIONID) values (80,14,16,1,52.95,0,null);
Insert into ECOMMERCE_DB_USER.ORDERITEMS (ORDERITEMID,ORDERID,PRODUCTID,QUANTITY,ITEMPRICE,DISCOUNTAMOUNT,PROMOTIONID) values (81,90,153,2,28.63,0,null);
Insert into ECOMMERCE_DB_USER.ORDERITEMS (ORDERITEMID,ORDERID,PRODUCTID,QUANTITY,ITEMPRICE,DISCOUNTAMOUNT,PROMOTIONID) values (82,61,66,2,86.02,0,null);
Insert into ECOMMERCE_DB_USER.ORDERITEMS (ORDERITEMID,ORDERID,PRODUCTID,QUANTITY,ITEMPRICE,DISCOUNTAMOUNT,PROMOTIONID) values (83,76,18,3,94.16,0,null);
Insert into ECOMMERCE_DB_USER.ORDERITEMS (ORDERITEMID,ORDERID,PRODUCTID,QUANTITY,ITEMPRICE,DISCOUNTAMOUNT,PROMOTIONID) values (84,65,83,4,41.13,0,null);
Insert into ECOMMERCE_DB_USER.ORDERITEMS (ORDERITEMID,ORDERID,PRODUCTID,QUANTITY,ITEMPRICE,DISCOUNTAMOUNT,PROMOTIONID) values (85,74,163,3,11,0,null);
Insert into ECOMMERCE_DB_USER.ORDERITEMS (ORDERITEMID,ORDERID,PRODUCTID,QUANTITY,ITEMPRICE,DISCOUNTAMOUNT,PROMOTIONID) values (86,56,1,4,92.43,0,null);
Insert into ECOMMERCE_DB_USER.ORDERITEMS (ORDERITEMID,ORDERID,PRODUCTID,QUANTITY,ITEMPRICE,DISCOUNTAMOUNT,PROMOTIONID) values (87,2,78,2,69.31,0,null);
Insert into ECOMMERCE_DB_USER.ORDERITEMS (ORDERITEMID,ORDERID,PRODUCTID,QUANTITY,ITEMPRICE,DISCOUNTAMOUNT,PROMOTIONID) values (88,59,58,2,60.06,0,null);
Insert into ECOMMERCE_DB_USER.ORDERITEMS (ORDERITEMID,ORDERID,PRODUCTID,QUANTITY,ITEMPRICE,DISCOUNTAMOUNT,PROMOTIONID) values (89,5,19,4,30.67,0,null);
Insert into ECOMMERCE_DB_USER.ORDERITEMS (ORDERITEMID,ORDERID,PRODUCTID,QUANTITY,ITEMPRICE,DISCOUNTAMOUNT,PROMOTIONID) values (90,76,109,2,72.93,0,null);
Insert into ECOMMERCE_DB_USER.ORDERITEMS (ORDERITEMID,ORDERID,PRODUCTID,QUANTITY,ITEMPRICE,DISCOUNTAMOUNT,PROMOTIONID) values (91,96,156,1,18.86,0,null);
Insert into ECOMMERCE_DB_USER.ORDERITEMS (ORDERITEMID,ORDERID,PRODUCTID,QUANTITY,ITEMPRICE,DISCOUNTAMOUNT,PROMOTIONID) values (92,83,89,3,57.74,0,null);
Insert into ECOMMERCE_DB_USER.ORDERITEMS (ORDERITEMID,ORDERID,PRODUCTID,QUANTITY,ITEMPRICE,DISCOUNTAMOUNT,PROMOTIONID) values (93,98,11,3,72.95,0,null);
Insert into ECOMMERCE_DB_USER.ORDERITEMS (ORDERITEMID,ORDERID,PRODUCTID,QUANTITY,ITEMPRICE,DISCOUNTAMOUNT,PROMOTIONID) values (94,9,161,2,92.06,0,null);
Insert into ECOMMERCE_DB_USER.ORDERITEMS (ORDERITEMID,ORDERID,PRODUCTID,QUANTITY,ITEMPRICE,DISCOUNTAMOUNT,PROMOTIONID) values (95,16,155,4,27.96,0,null);
Insert into ECOMMERCE_DB_USER.ORDERITEMS (ORDERITEMID,ORDERID,PRODUCTID,QUANTITY,ITEMPRICE,DISCOUNTAMOUNT,PROMOTIONID) values (96,62,108,2,82.9,0,null);
Insert into ECOMMERCE_DB_USER.ORDERITEMS (ORDERITEMID,ORDERID,PRODUCTID,QUANTITY,ITEMPRICE,DISCOUNTAMOUNT,PROMOTIONID) values (97,18,100,1,47.24,0,null);
Insert into ECOMMERCE_DB_USER.ORDERITEMS (ORDERITEMID,ORDERID,PRODUCTID,QUANTITY,ITEMPRICE,DISCOUNTAMOUNT,PROMOTIONID) values (98,96,36,1,74.51,0,null);
Insert into ECOMMERCE_DB_USER.ORDERITEMS (ORDERITEMID,ORDERID,PRODUCTID,QUANTITY,ITEMPRICE,DISCOUNTAMOUNT,PROMOTIONID) values (99,60,128,1,45.99,0,null);
Insert into ECOMMERCE_DB_USER.ORDERITEMS (ORDERITEMID,ORDERID,PRODUCTID,QUANTITY,ITEMPRICE,DISCOUNTAMOUNT,PROMOTIONID) values (100,45,68,2,99.62,0,null);
commit;
Insert into ECOMMERCE_DB_USER.ORDERITEMS (ORDERITEMID,ORDERID,PRODUCTID,QUANTITY,ITEMPRICE,DISCOUNTAMOUNT,PROMOTIONID) values (101,44,14,2,70.27,0,null);
Insert into ECOMMERCE_DB_USER.ORDERITEMS (ORDERITEMID,ORDERID,PRODUCTID,QUANTITY,ITEMPRICE,DISCOUNTAMOUNT,PROMOTIONID) values (102,10,136,2,28.16,0,null);
Insert into ECOMMERCE_DB_USER.ORDERITEMS (ORDERITEMID,ORDERID,PRODUCTID,QUANTITY,ITEMPRICE,DISCOUNTAMOUNT,PROMOTIONID) values (103,87,131,2,44.33,0.89,1);
Insert into ECOMMERCE_DB_USER.ORDERITEMS (ORDERITEMID,ORDERID,PRODUCTID,QUANTITY,ITEMPRICE,DISCOUNTAMOUNT,PROMOTIONID) values (104,9,143,3,23.43,0,null);
Insert into ECOMMERCE_DB_USER.ORDERITEMS (ORDERITEMID,ORDERID,PRODUCTID,QUANTITY,ITEMPRICE,DISCOUNTAMOUNT,PROMOTIONID) values (105,28,46,3,81.6,0,null);
Insert into ECOMMERCE_DB_USER.ORDERITEMS (ORDERITEMID,ORDERID,PRODUCTID,QUANTITY,ITEMPRICE,DISCOUNTAMOUNT,PROMOTIONID) values (106,62,116,1,62.61,0,null);
Insert into ECOMMERCE_DB_USER.ORDERITEMS (ORDERITEMID,ORDERID,PRODUCTID,QUANTITY,ITEMPRICE,DISCOUNTAMOUNT,PROMOTIONID) values (107,69,156,1,57.73,0,null);
Insert into ECOMMERCE_DB_USER.ORDERITEMS (ORDERITEMID,ORDERID,PRODUCTID,QUANTITY,ITEMPRICE,DISCOUNTAMOUNT,PROMOTIONID) values (108,15,168,4,63.78,0,null);
Insert into ECOMMERCE_DB_USER.ORDERITEMS (ORDERITEMID,ORDERID,PRODUCTID,QUANTITY,ITEMPRICE,DISCOUNTAMOUNT,PROMOTIONID) values (109,84,45,4,74.69,0,null);
Insert into ECOMMERCE_DB_USER.ORDERITEMS (ORDERITEMID,ORDERID,PRODUCTID,QUANTITY,ITEMPRICE,DISCOUNTAMOUNT,PROMOTIONID) values (110,23,173,1,14.48,0,null);
Insert into ECOMMERCE_DB_USER.ORDERITEMS (ORDERITEMID,ORDERID,PRODUCTID,QUANTITY,ITEMPRICE,DISCOUNTAMOUNT,PROMOTIONID) values (111,16,119,4,14.47,0,null);
Insert into ECOMMERCE_DB_USER.ORDERITEMS (ORDERITEMID,ORDERID,PRODUCTID,QUANTITY,ITEMPRICE,DISCOUNTAMOUNT,PROMOTIONID) values (112,89,111,4,89.33,0,null);
Insert into ECOMMERCE_DB_USER.ORDERITEMS (ORDERITEMID,ORDERID,PRODUCTID,QUANTITY,ITEMPRICE,DISCOUNTAMOUNT,PROMOTIONID) values (113,87,124,1,16.63,0.17,1);
Insert into ECOMMERCE_DB_USER.ORDERITEMS (ORDERITEMID,ORDERID,PRODUCTID,QUANTITY,ITEMPRICE,DISCOUNTAMOUNT,PROMOTIONID) values (114,92,139,3,21.82,0,null);
Insert into ECOMMERCE_DB_USER.ORDERITEMS (ORDERITEMID,ORDERID,PRODUCTID,QUANTITY,ITEMPRICE,DISCOUNTAMOUNT,PROMOTIONID) values (115,85,92,1,31.81,0,null);
Insert into ECOMMERCE_DB_USER.ORDERITEMS (ORDERITEMID,ORDERID,PRODUCTID,QUANTITY,ITEMPRICE,DISCOUNTAMOUNT,PROMOTIONID) values (116,52,75,4,74.53,0,null);
Insert into ECOMMERCE_DB_USER.ORDERITEMS (ORDERITEMID,ORDERID,PRODUCTID,QUANTITY,ITEMPRICE,DISCOUNTAMOUNT,PROMOTIONID) values (117,88,60,1,38.32,0,null);
Insert into ECOMMERCE_DB_USER.ORDERITEMS (ORDERITEMID,ORDERID,PRODUCTID,QUANTITY,ITEMPRICE,DISCOUNTAMOUNT,PROMOTIONID) values (118,58,104,1,49.36,0,null);
Insert into ECOMMERCE_DB_USER.ORDERITEMS (ORDERITEMID,ORDERID,PRODUCTID,QUANTITY,ITEMPRICE,DISCOUNTAMOUNT,PROMOTIONID) values (119,82,62,4,56.65,0,null);
Insert into ECOMMERCE_DB_USER.ORDERITEMS (ORDERITEMID,ORDERID,PRODUCTID,QUANTITY,ITEMPRICE,DISCOUNTAMOUNT,PROMOTIONID) values (120,14,23,2,60.42,0,null);
Insert into ECOMMERCE_DB_USER.ORDERITEMS (ORDERITEMID,ORDERID,PRODUCTID,QUANTITY,ITEMPRICE,DISCOUNTAMOUNT,PROMOTIONID) values (121,41,59,3,16.3,0,null);
Insert into ECOMMERCE_DB_USER.ORDERITEMS (ORDERITEMID,ORDERID,PRODUCTID,QUANTITY,ITEMPRICE,DISCOUNTAMOUNT,PROMOTIONID) values (122,53,98,3,72.83,0,null);
Insert into ECOMMERCE_DB_USER.ORDERITEMS (ORDERITEMID,ORDERID,PRODUCTID,QUANTITY,ITEMPRICE,DISCOUNTAMOUNT,PROMOTIONID) values (123,68,14,4,77.19,0,null);
Insert into ECOMMERCE_DB_USER.ORDERITEMS (ORDERITEMID,ORDERID,PRODUCTID,QUANTITY,ITEMPRICE,DISCOUNTAMOUNT,PROMOTIONID) values (124,25,162,4,13.4,0,null);
Insert into ECOMMERCE_DB_USER.ORDERITEMS (ORDERITEMID,ORDERID,PRODUCTID,QUANTITY,ITEMPRICE,DISCOUNTAMOUNT,PROMOTIONID) values (125,89,179,2,52.98,0,null);
Insert into ECOMMERCE_DB_USER.ORDERITEMS (ORDERITEMID,ORDERID,PRODUCTID,QUANTITY,ITEMPRICE,DISCOUNTAMOUNT,PROMOTIONID) values (126,8,13,2,72.36,0,null);
Insert into ECOMMERCE_DB_USER.ORDERITEMS (ORDERITEMID,ORDERID,PRODUCTID,QUANTITY,ITEMPRICE,DISCOUNTAMOUNT,PROMOTIONID) values (127,93,9,3,15.51,0,null);
Insert into ECOMMERCE_DB_USER.ORDERITEMS (ORDERITEMID,ORDERID,PRODUCTID,QUANTITY,ITEMPRICE,DISCOUNTAMOUNT,PROMOTIONID) values (128,80,10,3,33.06,0,null);
Insert into ECOMMERCE_DB_USER.ORDERITEMS (ORDERITEMID,ORDERID,PRODUCTID,QUANTITY,ITEMPRICE,DISCOUNTAMOUNT,PROMOTIONID) values (129,75,161,2,14.98,0,null);
Insert into ECOMMERCE_DB_USER.ORDERITEMS (ORDERITEMID,ORDERID,PRODUCTID,QUANTITY,ITEMPRICE,DISCOUNTAMOUNT,PROMOTIONID) values (130,86,106,2,60.75,0,null);
Insert into ECOMMERCE_DB_USER.ORDERITEMS (ORDERITEMID,ORDERID,PRODUCTID,QUANTITY,ITEMPRICE,DISCOUNTAMOUNT,PROMOTIONID) values (131,37,13,1,84.59,0,null);
Insert into ECOMMERCE_DB_USER.ORDERITEMS (ORDERITEMID,ORDERID,PRODUCTID,QUANTITY,ITEMPRICE,DISCOUNTAMOUNT,PROMOTIONID) values (132,33,193,2,74.48,0,null);
Insert into ECOMMERCE_DB_USER.ORDERITEMS (ORDERITEMID,ORDERID,PRODUCTID,QUANTITY,ITEMPRICE,DISCOUNTAMOUNT,PROMOTIONID) values (133,21,42,4,29.2,0,null);
Insert into ECOMMERCE_DB_USER.ORDERITEMS (ORDERITEMID,ORDERID,PRODUCTID,QUANTITY,ITEMPRICE,DISCOUNTAMOUNT,PROMOTIONID) values (134,18,157,2,40.1,0,null);
Insert into ECOMMERCE_DB_USER.ORDERITEMS (ORDERITEMID,ORDERID,PRODUCTID,QUANTITY,ITEMPRICE,DISCOUNTAMOUNT,PROMOTIONID) values (135,34,40,1,40.69,0,null);
Insert into ECOMMERCE_DB_USER.ORDERITEMS (ORDERITEMID,ORDERID,PRODUCTID,QUANTITY,ITEMPRICE,DISCOUNTAMOUNT,PROMOTIONID) values (136,53,84,4,49.18,0,null);
Insert into ECOMMERCE_DB_USER.ORDERITEMS (ORDERITEMID,ORDERID,PRODUCTID,QUANTITY,ITEMPRICE,DISCOUNTAMOUNT,PROMOTIONID) values (137,87,55,4,19.77,0.79,1);
Insert into ECOMMERCE_DB_USER.ORDERITEMS (ORDERITEMID,ORDERID,PRODUCTID,QUANTITY,ITEMPRICE,DISCOUNTAMOUNT,PROMOTIONID) values (138,34,37,3,33.47,0,null);
Insert into ECOMMERCE_DB_USER.ORDERITEMS (ORDERITEMID,ORDERID,PRODUCTID,QUANTITY,ITEMPRICE,DISCOUNTAMOUNT,PROMOTIONID) values (139,95,85,2,46.78,0,null);
Insert into ECOMMERCE_DB_USER.ORDERITEMS (ORDERITEMID,ORDERID,PRODUCTID,QUANTITY,ITEMPRICE,DISCOUNTAMOUNT,PROMOTIONID) values (140,4,159,2,21.95,0,null);
Insert into ECOMMERCE_DB_USER.ORDERITEMS (ORDERITEMID,ORDERID,PRODUCTID,QUANTITY,ITEMPRICE,DISCOUNTAMOUNT,PROMOTIONID) values (141,25,118,2,98.75,0,null);
Insert into ECOMMERCE_DB_USER.ORDERITEMS (ORDERITEMID,ORDERID,PRODUCTID,QUANTITY,ITEMPRICE,DISCOUNTAMOUNT,PROMOTIONID) values (142,83,189,3,17.96,0,null);
Insert into ECOMMERCE_DB_USER.ORDERITEMS (ORDERITEMID,ORDERID,PRODUCTID,QUANTITY,ITEMPRICE,DISCOUNTAMOUNT,PROMOTIONID) values (143,1,89,2,45.86,0,null);
Insert into ECOMMERCE_DB_USER.ORDERITEMS (ORDERITEMID,ORDERID,PRODUCTID,QUANTITY,ITEMPRICE,DISCOUNTAMOUNT,PROMOTIONID) values (144,94,74,4,31.75,0,null);
Insert into ECOMMERCE_DB_USER.ORDERITEMS (ORDERITEMID,ORDERID,PRODUCTID,QUANTITY,ITEMPRICE,DISCOUNTAMOUNT,PROMOTIONID) values (145,34,172,4,70.53,0,null);
Insert into ECOMMERCE_DB_USER.ORDERITEMS (ORDERITEMID,ORDERID,PRODUCTID,QUANTITY,ITEMPRICE,DISCOUNTAMOUNT,PROMOTIONID) values (146,15,16,4,24.46,0,null);
Insert into ECOMMERCE_DB_USER.ORDERITEMS (ORDERITEMID,ORDERID,PRODUCTID,QUANTITY,ITEMPRICE,DISCOUNTAMOUNT,PROMOTIONID) values (147,63,61,3,28.89,0.87,1);
Insert into ECOMMERCE_DB_USER.ORDERITEMS (ORDERITEMID,ORDERID,PRODUCTID,QUANTITY,ITEMPRICE,DISCOUNTAMOUNT,PROMOTIONID) values (148,58,132,2,62.75,0,null);
Insert into ECOMMERCE_DB_USER.ORDERITEMS (ORDERITEMID,ORDERID,PRODUCTID,QUANTITY,ITEMPRICE,DISCOUNTAMOUNT,PROMOTIONID) values (149,78,81,2,42.96,0.86,1);
Insert into ECOMMERCE_DB_USER.ORDERITEMS (ORDERITEMID,ORDERID,PRODUCTID,QUANTITY,ITEMPRICE,DISCOUNTAMOUNT,PROMOTIONID) values (150,37,109,3,88.68,0,null);
Insert into ECOMMERCE_DB_USER.ORDERITEMS (ORDERITEMID,ORDERID,PRODUCTID,QUANTITY,ITEMPRICE,DISCOUNTAMOUNT,PROMOTIONID) values (151,72,40,3,35.99,0,null);
Insert into ECOMMERCE_DB_USER.ORDERITEMS (ORDERITEMID,ORDERID,PRODUCTID,QUANTITY,ITEMPRICE,DISCOUNTAMOUNT,PROMOTIONID) values (152,55,120,3,36.35,0,null);
Insert into ECOMMERCE_DB_USER.ORDERITEMS (ORDERITEMID,ORDERID,PRODUCTID,QUANTITY,ITEMPRICE,DISCOUNTAMOUNT,PROMOTIONID) values (153,29,49,1,26.15,0,null);
Insert into ECOMMERCE_DB_USER.ORDERITEMS (ORDERITEMID,ORDERID,PRODUCTID,QUANTITY,ITEMPRICE,DISCOUNTAMOUNT,PROMOTIONID) values (154,87,77,2,89.73,1.79,1);
Insert into ECOMMERCE_DB_USER.ORDERITEMS (ORDERITEMID,ORDERID,PRODUCTID,QUANTITY,ITEMPRICE,DISCOUNTAMOUNT,PROMOTIONID) values (155,89,179,1,46.99,0,null);
Insert into ECOMMERCE_DB_USER.ORDERITEMS (ORDERITEMID,ORDERID,PRODUCTID,QUANTITY,ITEMPRICE,DISCOUNTAMOUNT,PROMOTIONID) values (156,61,12,3,80.64,0,null);
Insert into ECOMMERCE_DB_USER.ORDERITEMS (ORDERITEMID,ORDERID,PRODUCTID,QUANTITY,ITEMPRICE,DISCOUNTAMOUNT,PROMOTIONID) values (157,85,144,4,38.31,0,null);
Insert into ECOMMERCE_DB_USER.ORDERITEMS (ORDERITEMID,ORDERID,PRODUCTID,QUANTITY,ITEMPRICE,DISCOUNTAMOUNT,PROMOTIONID) values (158,91,105,1,14.76,0,null);
Insert into ECOMMERCE_DB_USER.ORDERITEMS (ORDERITEMID,ORDERID,PRODUCTID,QUANTITY,ITEMPRICE,DISCOUNTAMOUNT,PROMOTIONID) values (159,7,89,4,73,0,null);
Insert into ECOMMERCE_DB_USER.ORDERITEMS (ORDERITEMID,ORDERID,PRODUCTID,QUANTITY,ITEMPRICE,DISCOUNTAMOUNT,PROMOTIONID) values (160,68,96,2,93.19,0,null);
Insert into ECOMMERCE_DB_USER.ORDERITEMS (ORDERITEMID,ORDERID,PRODUCTID,QUANTITY,ITEMPRICE,DISCOUNTAMOUNT,PROMOTIONID) values (161,55,140,2,50.57,0,null);
Insert into ECOMMERCE_DB_USER.ORDERITEMS (ORDERITEMID,ORDERID,PRODUCTID,QUANTITY,ITEMPRICE,DISCOUNTAMOUNT,PROMOTIONID) values (162,5,152,2,70.73,0,null);
Insert into ECOMMERCE_DB_USER.ORDERITEMS (ORDERITEMID,ORDERID,PRODUCTID,QUANTITY,ITEMPRICE,DISCOUNTAMOUNT,PROMOTIONID) values (163,30,105,4,97.59,3.9,1);
Insert into ECOMMERCE_DB_USER.ORDERITEMS (ORDERITEMID,ORDERID,PRODUCTID,QUANTITY,ITEMPRICE,DISCOUNTAMOUNT,PROMOTIONID) values (164,60,40,3,61.06,0,null);
Insert into ECOMMERCE_DB_USER.ORDERITEMS (ORDERITEMID,ORDERID,PRODUCTID,QUANTITY,ITEMPRICE,DISCOUNTAMOUNT,PROMOTIONID) values (165,92,55,3,52,0,null);
Insert into ECOMMERCE_DB_USER.ORDERITEMS (ORDERITEMID,ORDERID,PRODUCTID,QUANTITY,ITEMPRICE,DISCOUNTAMOUNT,PROMOTIONID) values (166,13,124,2,41.56,0,null);
Insert into ECOMMERCE_DB_USER.ORDERITEMS (ORDERITEMID,ORDERID,PRODUCTID,QUANTITY,ITEMPRICE,DISCOUNTAMOUNT,PROMOTIONID) values (167,69,9,4,59.47,0,null);
Insert into ECOMMERCE_DB_USER.ORDERITEMS (ORDERITEMID,ORDERID,PRODUCTID,QUANTITY,ITEMPRICE,DISCOUNTAMOUNT,PROMOTIONID) values (168,86,149,4,49.29,0,null);
Insert into ECOMMERCE_DB_USER.ORDERITEMS (ORDERITEMID,ORDERID,PRODUCTID,QUANTITY,ITEMPRICE,DISCOUNTAMOUNT,PROMOTIONID) values (169,60,117,4,69.14,0,null);
Insert into ECOMMERCE_DB_USER.ORDERITEMS (ORDERITEMID,ORDERID,PRODUCTID,QUANTITY,ITEMPRICE,DISCOUNTAMOUNT,PROMOTIONID) values (170,82,30,2,23.74,0,null);
Insert into ECOMMERCE_DB_USER.ORDERITEMS (ORDERITEMID,ORDERID,PRODUCTID,QUANTITY,ITEMPRICE,DISCOUNTAMOUNT,PROMOTIONID) values (171,25,108,2,56.62,0,null);
Insert into ECOMMERCE_DB_USER.ORDERITEMS (ORDERITEMID,ORDERID,PRODUCTID,QUANTITY,ITEMPRICE,DISCOUNTAMOUNT,PROMOTIONID) values (172,72,155,3,98.53,0,null);
Insert into ECOMMERCE_DB_USER.ORDERITEMS (ORDERITEMID,ORDERID,PRODUCTID,QUANTITY,ITEMPRICE,DISCOUNTAMOUNT,PROMOTIONID) values (173,71,113,1,82.25,0,null);
Insert into ECOMMERCE_DB_USER.ORDERITEMS (ORDERITEMID,ORDERID,PRODUCTID,QUANTITY,ITEMPRICE,DISCOUNTAMOUNT,PROMOTIONID) values (174,10,160,2,31.11,0,null);
Insert into ECOMMERCE_DB_USER.ORDERITEMS (ORDERITEMID,ORDERID,PRODUCTID,QUANTITY,ITEMPRICE,DISCOUNTAMOUNT,PROMOTIONID) values (175,74,54,1,92.45,0,null);
Insert into ECOMMERCE_DB_USER.ORDERITEMS (ORDERITEMID,ORDERID,PRODUCTID,QUANTITY,ITEMPRICE,DISCOUNTAMOUNT,PROMOTIONID) values (176,51,57,1,91.27,0,null);
Insert into ECOMMERCE_DB_USER.ORDERITEMS (ORDERITEMID,ORDERID,PRODUCTID,QUANTITY,ITEMPRICE,DISCOUNTAMOUNT,PROMOTIONID) values (177,11,128,3,48,0,null);
Insert into ECOMMERCE_DB_USER.ORDERITEMS (ORDERITEMID,ORDERID,PRODUCTID,QUANTITY,ITEMPRICE,DISCOUNTAMOUNT,PROMOTIONID) values (178,35,24,3,25.2,0.76,1);
Insert into ECOMMERCE_DB_USER.ORDERITEMS (ORDERITEMID,ORDERID,PRODUCTID,QUANTITY,ITEMPRICE,DISCOUNTAMOUNT,PROMOTIONID) values (179,81,178,4,86.17,0,null);
Insert into ECOMMERCE_DB_USER.ORDERITEMS (ORDERITEMID,ORDERID,PRODUCTID,QUANTITY,ITEMPRICE,DISCOUNTAMOUNT,PROMOTIONID) values (180,39,193,2,46.42,0,null);
Insert into ECOMMERCE_DB_USER.ORDERITEMS (ORDERITEMID,ORDERID,PRODUCTID,QUANTITY,ITEMPRICE,DISCOUNTAMOUNT,PROMOTIONID) values (181,61,10,2,96.85,0,null);
Insert into ECOMMERCE_DB_USER.ORDERITEMS (ORDERITEMID,ORDERID,PRODUCTID,QUANTITY,ITEMPRICE,DISCOUNTAMOUNT,PROMOTIONID) values (182,55,17,3,41.17,0,null);
Insert into ECOMMERCE_DB_USER.ORDERITEMS (ORDERITEMID,ORDERID,PRODUCTID,QUANTITY,ITEMPRICE,DISCOUNTAMOUNT,PROMOTIONID) values (183,85,172,3,39.44,0,null);
Insert into ECOMMERCE_DB_USER.ORDERITEMS (ORDERITEMID,ORDERID,PRODUCTID,QUANTITY,ITEMPRICE,DISCOUNTAMOUNT,PROMOTIONID) values (184,43,114,1,42.01,0,null);
Insert into ECOMMERCE_DB_USER.ORDERITEMS (ORDERITEMID,ORDERID,PRODUCTID,QUANTITY,ITEMPRICE,DISCOUNTAMOUNT,PROMOTIONID) values (185,18,183,4,16.05,0,null);
Insert into ECOMMERCE_DB_USER.ORDERITEMS (ORDERITEMID,ORDERID,PRODUCTID,QUANTITY,ITEMPRICE,DISCOUNTAMOUNT,PROMOTIONID) values (186,89,68,1,57.73,0,null);
Insert into ECOMMERCE_DB_USER.ORDERITEMS (ORDERITEMID,ORDERID,PRODUCTID,QUANTITY,ITEMPRICE,DISCOUNTAMOUNT,PROMOTIONID) values (187,46,31,3,54.27,0,null);
Insert into ECOMMERCE_DB_USER.ORDERITEMS (ORDERITEMID,ORDERID,PRODUCTID,QUANTITY,ITEMPRICE,DISCOUNTAMOUNT,PROMOTIONID) values (188,76,122,3,41.84,0,null);
Insert into ECOMMERCE_DB_USER.ORDERITEMS (ORDERITEMID,ORDERID,PRODUCTID,QUANTITY,ITEMPRICE,DISCOUNTAMOUNT,PROMOTIONID) values (189,32,71,4,14.91,0,null);
Insert into ECOMMERCE_DB_USER.ORDERITEMS (ORDERITEMID,ORDERID,PRODUCTID,QUANTITY,ITEMPRICE,DISCOUNTAMOUNT,PROMOTIONID) values (190,37,156,1,96.7,0,null);
Insert into ECOMMERCE_DB_USER.ORDERITEMS (ORDERITEMID,ORDERID,PRODUCTID,QUANTITY,ITEMPRICE,DISCOUNTAMOUNT,PROMOTIONID) values (191,50,41,3,79.7,0,null);
Insert into ECOMMERCE_DB_USER.ORDERITEMS (ORDERITEMID,ORDERID,PRODUCTID,QUANTITY,ITEMPRICE,DISCOUNTAMOUNT,PROMOTIONID) values (192,69,155,3,99.59,0,null);
Insert into ECOMMERCE_DB_USER.ORDERITEMS (ORDERITEMID,ORDERID,PRODUCTID,QUANTITY,ITEMPRICE,DISCOUNTAMOUNT,PROMOTIONID) values (193,81,185,4,35.88,0,null);
Insert into ECOMMERCE_DB_USER.ORDERITEMS (ORDERITEMID,ORDERID,PRODUCTID,QUANTITY,ITEMPRICE,DISCOUNTAMOUNT,PROMOTIONID) values (194,31,97,4,15.76,0,null);
Insert into ECOMMERCE_DB_USER.ORDERITEMS (ORDERITEMID,ORDERID,PRODUCTID,QUANTITY,ITEMPRICE,DISCOUNTAMOUNT,PROMOTIONID) values (195,20,1,2,38.07,0.76,1);
Insert into ECOMMERCE_DB_USER.ORDERITEMS (ORDERITEMID,ORDERID,PRODUCTID,QUANTITY,ITEMPRICE,DISCOUNTAMOUNT,PROMOTIONID) values (196,69,62,3,25.28,0,null);
Insert into ECOMMERCE_DB_USER.ORDERITEMS (ORDERITEMID,ORDERID,PRODUCTID,QUANTITY,ITEMPRICE,DISCOUNTAMOUNT,PROMOTIONID) values (197,22,91,2,81.71,0,null);
Insert into ECOMMERCE_DB_USER.ORDERITEMS (ORDERITEMID,ORDERID,PRODUCTID,QUANTITY,ITEMPRICE,DISCOUNTAMOUNT,PROMOTIONID) values (198,36,61,2,71.48,0,null);
Insert into ECOMMERCE_DB_USER.ORDERITEMS (ORDERITEMID,ORDERID,PRODUCTID,QUANTITY,ITEMPRICE,DISCOUNTAMOUNT,PROMOTIONID) values (199,13,138,4,62.57,0,null);
Insert into ECOMMERCE_DB_USER.ORDERITEMS (ORDERITEMID,ORDERID,PRODUCTID,QUANTITY,ITEMPRICE,DISCOUNTAMOUNT,PROMOTIONID) values (200,12,135,3,33.93,0,null);
commit;
Insert into ECOMMERCE_DB_USER.ORDERITEMS (ORDERITEMID,ORDERID,PRODUCTID,QUANTITY,ITEMPRICE,DISCOUNTAMOUNT,PROMOTIONID) values (201,8,112,4,16.47,0,null);
Insert into ECOMMERCE_DB_USER.ORDERITEMS (ORDERITEMID,ORDERID,PRODUCTID,QUANTITY,ITEMPRICE,DISCOUNTAMOUNT,PROMOTIONID) values (202,10,115,2,56.18,0,null);
Insert into ECOMMERCE_DB_USER.ORDERITEMS (ORDERITEMID,ORDERID,PRODUCTID,QUANTITY,ITEMPRICE,DISCOUNTAMOUNT,PROMOTIONID) values (203,36,68,2,15.62,0,null);
Insert into ECOMMERCE_DB_USER.ORDERITEMS (ORDERITEMID,ORDERID,PRODUCTID,QUANTITY,ITEMPRICE,DISCOUNTAMOUNT,PROMOTIONID) values (204,10,189,1,74.54,0,null);
Insert into ECOMMERCE_DB_USER.ORDERITEMS (ORDERITEMID,ORDERID,PRODUCTID,QUANTITY,ITEMPRICE,DISCOUNTAMOUNT,PROMOTIONID) values (205,66,27,3,13.94,0,null);
Insert into ECOMMERCE_DB_USER.ORDERITEMS (ORDERITEMID,ORDERID,PRODUCTID,QUANTITY,ITEMPRICE,DISCOUNTAMOUNT,PROMOTIONID) values (206,9,168,3,93.84,0,null);
Insert into ECOMMERCE_DB_USER.ORDERITEMS (ORDERITEMID,ORDERID,PRODUCTID,QUANTITY,ITEMPRICE,DISCOUNTAMOUNT,PROMOTIONID) values (207,61,151,4,48.04,0,null);
Insert into ECOMMERCE_DB_USER.ORDERITEMS (ORDERITEMID,ORDERID,PRODUCTID,QUANTITY,ITEMPRICE,DISCOUNTAMOUNT,PROMOTIONID) values (208,17,92,2,34.71,0,null);
Insert into ECOMMERCE_DB_USER.ORDERITEMS (ORDERITEMID,ORDERID,PRODUCTID,QUANTITY,ITEMPRICE,DISCOUNTAMOUNT,PROMOTIONID) values (209,56,48,2,81.22,0,null);
Insert into ECOMMERCE_DB_USER.ORDERITEMS (ORDERITEMID,ORDERID,PRODUCTID,QUANTITY,ITEMPRICE,DISCOUNTAMOUNT,PROMOTIONID) values (210,88,24,3,61.33,0,null);
Insert into ECOMMERCE_DB_USER.ORDERITEMS (ORDERITEMID,ORDERID,PRODUCTID,QUANTITY,ITEMPRICE,DISCOUNTAMOUNT,PROMOTIONID) values (211,79,149,4,50.2,0,null);
Insert into ECOMMERCE_DB_USER.ORDERITEMS (ORDERITEMID,ORDERID,PRODUCTID,QUANTITY,ITEMPRICE,DISCOUNTAMOUNT,PROMOTIONID) values (212,26,90,2,80.23,0,null);
Insert into ECOMMERCE_DB_USER.ORDERITEMS (ORDERITEMID,ORDERID,PRODUCTID,QUANTITY,ITEMPRICE,DISCOUNTAMOUNT,PROMOTIONID) values (213,82,83,3,27.74,0,null);
Insert into ECOMMERCE_DB_USER.ORDERITEMS (ORDERITEMID,ORDERID,PRODUCTID,QUANTITY,ITEMPRICE,DISCOUNTAMOUNT,PROMOTIONID) values (214,52,41,1,72.23,0,null);
Insert into ECOMMERCE_DB_USER.ORDERITEMS (ORDERITEMID,ORDERID,PRODUCTID,QUANTITY,ITEMPRICE,DISCOUNTAMOUNT,PROMOTIONID) values (215,32,130,2,33.49,0,null);
Insert into ECOMMERCE_DB_USER.ORDERITEMS (ORDERITEMID,ORDERID,PRODUCTID,QUANTITY,ITEMPRICE,DISCOUNTAMOUNT,PROMOTIONID) values (216,4,149,4,92.74,0,null);
Insert into ECOMMERCE_DB_USER.ORDERITEMS (ORDERITEMID,ORDERID,PRODUCTID,QUANTITY,ITEMPRICE,DISCOUNTAMOUNT,PROMOTIONID) values (217,57,150,4,98.01,3.92,1);
Insert into ECOMMERCE_DB_USER.ORDERITEMS (ORDERITEMID,ORDERID,PRODUCTID,QUANTITY,ITEMPRICE,DISCOUNTAMOUNT,PROMOTIONID) values (218,7,163,2,50.59,0,null);
Insert into ECOMMERCE_DB_USER.ORDERITEMS (ORDERITEMID,ORDERID,PRODUCTID,QUANTITY,ITEMPRICE,DISCOUNTAMOUNT,PROMOTIONID) values (219,88,86,2,40.22,0,null);
Insert into ECOMMERCE_DB_USER.ORDERITEMS (ORDERITEMID,ORDERID,PRODUCTID,QUANTITY,ITEMPRICE,DISCOUNTAMOUNT,PROMOTIONID) values (220,30,16,3,49.2,1.48,1);
Insert into ECOMMERCE_DB_USER.ORDERITEMS (ORDERITEMID,ORDERID,PRODUCTID,QUANTITY,ITEMPRICE,DISCOUNTAMOUNT,PROMOTIONID) values (221,17,100,3,71.69,0,null);
Insert into ECOMMERCE_DB_USER.ORDERITEMS (ORDERITEMID,ORDERID,PRODUCTID,QUANTITY,ITEMPRICE,DISCOUNTAMOUNT,PROMOTIONID) values (222,66,105,4,89.44,0,null);
Insert into ECOMMERCE_DB_USER.ORDERITEMS (ORDERITEMID,ORDERID,PRODUCTID,QUANTITY,ITEMPRICE,DISCOUNTAMOUNT,PROMOTIONID) values (223,88,175,1,92.84,0,null);
Insert into ECOMMERCE_DB_USER.ORDERITEMS (ORDERITEMID,ORDERID,PRODUCTID,QUANTITY,ITEMPRICE,DISCOUNTAMOUNT,PROMOTIONID) values (224,86,94,2,43.05,0,null);
Insert into ECOMMERCE_DB_USER.ORDERITEMS (ORDERITEMID,ORDERID,PRODUCTID,QUANTITY,ITEMPRICE,DISCOUNTAMOUNT,PROMOTIONID) values (225,50,142,2,39.03,0,null);
Insert into ECOMMERCE_DB_USER.ORDERITEMS (ORDERITEMID,ORDERID,PRODUCTID,QUANTITY,ITEMPRICE,DISCOUNTAMOUNT,PROMOTIONID) values (226,27,137,1,73.02,0,null);
Insert into ECOMMERCE_DB_USER.ORDERITEMS (ORDERITEMID,ORDERID,PRODUCTID,QUANTITY,ITEMPRICE,DISCOUNTAMOUNT,PROMOTIONID) values (227,84,24,3,83.52,0,null);
Insert into ECOMMERCE_DB_USER.ORDERITEMS (ORDERITEMID,ORDERID,PRODUCTID,QUANTITY,ITEMPRICE,DISCOUNTAMOUNT,PROMOTIONID) values (228,29,182,1,53.8,0,null);
Insert into ECOMMERCE_DB_USER.ORDERITEMS (ORDERITEMID,ORDERID,PRODUCTID,QUANTITY,ITEMPRICE,DISCOUNTAMOUNT,PROMOTIONID) values (229,15,23,4,73.09,0,null);
Insert into ECOMMERCE_DB_USER.ORDERITEMS (ORDERITEMID,ORDERID,PRODUCTID,QUANTITY,ITEMPRICE,DISCOUNTAMOUNT,PROMOTIONID) values (230,28,151,4,51.62,0,null);
Insert into ECOMMERCE_DB_USER.ORDERITEMS (ORDERITEMID,ORDERID,PRODUCTID,QUANTITY,ITEMPRICE,DISCOUNTAMOUNT,PROMOTIONID) values (231,63,181,4,94.02,3.76,1);
Insert into ECOMMERCE_DB_USER.ORDERITEMS (ORDERITEMID,ORDERID,PRODUCTID,QUANTITY,ITEMPRICE,DISCOUNTAMOUNT,PROMOTIONID) values (232,29,155,4,44.02,0,null);
Insert into ECOMMERCE_DB_USER.ORDERITEMS (ORDERITEMID,ORDERID,PRODUCTID,QUANTITY,ITEMPRICE,DISCOUNTAMOUNT,PROMOTIONID) values (233,15,183,3,60.79,0,null);
Insert into ECOMMERCE_DB_USER.ORDERITEMS (ORDERITEMID,ORDERID,PRODUCTID,QUANTITY,ITEMPRICE,DISCOUNTAMOUNT,PROMOTIONID) values (234,76,188,1,11.12,0,null);
Insert into ECOMMERCE_DB_USER.ORDERITEMS (ORDERITEMID,ORDERID,PRODUCTID,QUANTITY,ITEMPRICE,DISCOUNTAMOUNT,PROMOTIONID) values (235,62,31,3,95.4,0,null);
Insert into ECOMMERCE_DB_USER.ORDERITEMS (ORDERITEMID,ORDERID,PRODUCTID,QUANTITY,ITEMPRICE,DISCOUNTAMOUNT,PROMOTIONID) values (236,44,19,2,13.52,0,null);
Insert into ECOMMERCE_DB_USER.ORDERITEMS (ORDERITEMID,ORDERID,PRODUCTID,QUANTITY,ITEMPRICE,DISCOUNTAMOUNT,PROMOTIONID) values (237,99,199,3,22.69,0,null);
Insert into ECOMMERCE_DB_USER.ORDERITEMS (ORDERITEMID,ORDERID,PRODUCTID,QUANTITY,ITEMPRICE,DISCOUNTAMOUNT,PROMOTIONID) values (238,23,59,4,21.47,0,null);
Insert into ECOMMERCE_DB_USER.ORDERITEMS (ORDERITEMID,ORDERID,PRODUCTID,QUANTITY,ITEMPRICE,DISCOUNTAMOUNT,PROMOTIONID) values (239,62,65,2,59.99,0,null);
Insert into ECOMMERCE_DB_USER.ORDERITEMS (ORDERITEMID,ORDERID,PRODUCTID,QUANTITY,ITEMPRICE,DISCOUNTAMOUNT,PROMOTIONID) values (240,47,10,1,98.89,0,null);
Insert into ECOMMERCE_DB_USER.ORDERITEMS (ORDERITEMID,ORDERID,PRODUCTID,QUANTITY,ITEMPRICE,DISCOUNTAMOUNT,PROMOTIONID) values (241,4,39,2,14.53,0,null);
Insert into ECOMMERCE_DB_USER.ORDERITEMS (ORDERITEMID,ORDERID,PRODUCTID,QUANTITY,ITEMPRICE,DISCOUNTAMOUNT,PROMOTIONID) values (242,85,53,2,79.25,0,null);
Insert into ECOMMERCE_DB_USER.ORDERITEMS (ORDERITEMID,ORDERID,PRODUCTID,QUANTITY,ITEMPRICE,DISCOUNTAMOUNT,PROMOTIONID) values (243,27,90,3,74.09,0,null);
Insert into ECOMMERCE_DB_USER.ORDERITEMS (ORDERITEMID,ORDERID,PRODUCTID,QUANTITY,ITEMPRICE,DISCOUNTAMOUNT,PROMOTIONID) values (244,84,35,3,65.95,0,null);
Insert into ECOMMERCE_DB_USER.ORDERITEMS (ORDERITEMID,ORDERID,PRODUCTID,QUANTITY,ITEMPRICE,DISCOUNTAMOUNT,PROMOTIONID) values (245,90,104,1,56.06,0,null);
Insert into ECOMMERCE_DB_USER.ORDERITEMS (ORDERITEMID,ORDERID,PRODUCTID,QUANTITY,ITEMPRICE,DISCOUNTAMOUNT,PROMOTIONID) values (246,7,129,3,78.69,0,null);
Insert into ECOMMERCE_DB_USER.ORDERITEMS (ORDERITEMID,ORDERID,PRODUCTID,QUANTITY,ITEMPRICE,DISCOUNTAMOUNT,PROMOTIONID) values (247,24,182,1,30.88,0,null);
Insert into ECOMMERCE_DB_USER.ORDERITEMS (ORDERITEMID,ORDERID,PRODUCTID,QUANTITY,ITEMPRICE,DISCOUNTAMOUNT,PROMOTIONID) values (248,99,43,1,68.67,0,null);
Insert into ECOMMERCE_DB_USER.ORDERITEMS (ORDERITEMID,ORDERID,PRODUCTID,QUANTITY,ITEMPRICE,DISCOUNTAMOUNT,PROMOTIONID) values (249,35,176,4,36.09,1.44,1);
Insert into ECOMMERCE_DB_USER.ORDERITEMS (ORDERITEMID,ORDERID,PRODUCTID,QUANTITY,ITEMPRICE,DISCOUNTAMOUNT,PROMOTIONID) values (250,36,173,4,33.42,0,null);
Insert into ECOMMERCE_DB_USER.ORDERITEMS (ORDERITEMID,ORDERID,PRODUCTID,QUANTITY,ITEMPRICE,DISCOUNTAMOUNT,PROMOTIONID) values (251,45,55,4,16.47,0,null);
Insert into ECOMMERCE_DB_USER.ORDERITEMS (ORDERITEMID,ORDERID,PRODUCTID,QUANTITY,ITEMPRICE,DISCOUNTAMOUNT,PROMOTIONID) values (252,46,66,3,57.22,0,null);
Insert into ECOMMERCE_DB_USER.ORDERITEMS (ORDERITEMID,ORDERID,PRODUCTID,QUANTITY,ITEMPRICE,DISCOUNTAMOUNT,PROMOTIONID) values (253,84,66,1,58.07,0,null);
Insert into ECOMMERCE_DB_USER.ORDERITEMS (ORDERITEMID,ORDERID,PRODUCTID,QUANTITY,ITEMPRICE,DISCOUNTAMOUNT,PROMOTIONID) values (254,70,117,4,34.47,0,null);
Insert into ECOMMERCE_DB_USER.ORDERITEMS (ORDERITEMID,ORDERID,PRODUCTID,QUANTITY,ITEMPRICE,DISCOUNTAMOUNT,PROMOTIONID) values (255,11,100,2,86.13,0,null);
Insert into ECOMMERCE_DB_USER.ORDERITEMS (ORDERITEMID,ORDERID,PRODUCTID,QUANTITY,ITEMPRICE,DISCOUNTAMOUNT,PROMOTIONID) values (256,48,100,2,65.03,0,null);
Insert into ECOMMERCE_DB_USER.ORDERITEMS (ORDERITEMID,ORDERID,PRODUCTID,QUANTITY,ITEMPRICE,DISCOUNTAMOUNT,PROMOTIONID) values (257,33,130,1,28.31,0,null);
Insert into ECOMMERCE_DB_USER.ORDERITEMS (ORDERITEMID,ORDERID,PRODUCTID,QUANTITY,ITEMPRICE,DISCOUNTAMOUNT,PROMOTIONID) values (258,4,62,4,41.77,0,null);
Insert into ECOMMERCE_DB_USER.ORDERITEMS (ORDERITEMID,ORDERID,PRODUCTID,QUANTITY,ITEMPRICE,DISCOUNTAMOUNT,PROMOTIONID) values (259,79,185,3,57.91,0,null);
Insert into ECOMMERCE_DB_USER.ORDERITEMS (ORDERITEMID,ORDERID,PRODUCTID,QUANTITY,ITEMPRICE,DISCOUNTAMOUNT,PROMOTIONID) values (260,97,51,2,17.32,0,null);
Insert into ECOMMERCE_DB_USER.ORDERITEMS (ORDERITEMID,ORDERID,PRODUCTID,QUANTITY,ITEMPRICE,DISCOUNTAMOUNT,PROMOTIONID) values (261,25,38,4,72.17,0,null);
Insert into ECOMMERCE_DB_USER.ORDERITEMS (ORDERITEMID,ORDERID,PRODUCTID,QUANTITY,ITEMPRICE,DISCOUNTAMOUNT,PROMOTIONID) values (262,80,150,4,50.5,0,null);
Insert into ECOMMERCE_DB_USER.ORDERITEMS (ORDERITEMID,ORDERID,PRODUCTID,QUANTITY,ITEMPRICE,DISCOUNTAMOUNT,PROMOTIONID) values (263,39,57,1,85.02,0,null);
Insert into ECOMMERCE_DB_USER.ORDERITEMS (ORDERITEMID,ORDERID,PRODUCTID,QUANTITY,ITEMPRICE,DISCOUNTAMOUNT,PROMOTIONID) values (264,37,46,4,80.24,0,null);
Insert into ECOMMERCE_DB_USER.ORDERITEMS (ORDERITEMID,ORDERID,PRODUCTID,QUANTITY,ITEMPRICE,DISCOUNTAMOUNT,PROMOTIONID) values (265,92,171,2,55.31,0,null);
Insert into ECOMMERCE_DB_USER.ORDERITEMS (ORDERITEMID,ORDERID,PRODUCTID,QUANTITY,ITEMPRICE,DISCOUNTAMOUNT,PROMOTIONID) values (266,64,126,4,67.11,0,null);
Insert into ECOMMERCE_DB_USER.ORDERITEMS (ORDERITEMID,ORDERID,PRODUCTID,QUANTITY,ITEMPRICE,DISCOUNTAMOUNT,PROMOTIONID) values (267,26,130,1,70.95,0,null);
Insert into ECOMMERCE_DB_USER.ORDERITEMS (ORDERITEMID,ORDERID,PRODUCTID,QUANTITY,ITEMPRICE,DISCOUNTAMOUNT,PROMOTIONID) values (268,84,8,2,41.59,0,null);
Insert into ECOMMERCE_DB_USER.ORDERITEMS (ORDERITEMID,ORDERID,PRODUCTID,QUANTITY,ITEMPRICE,DISCOUNTAMOUNT,PROMOTIONID) values (269,69,10,3,34.79,0,null);
Insert into ECOMMERCE_DB_USER.ORDERITEMS (ORDERITEMID,ORDERID,PRODUCTID,QUANTITY,ITEMPRICE,DISCOUNTAMOUNT,PROMOTIONID) values (270,25,69,1,74.6,0,null);
Insert into ECOMMERCE_DB_USER.ORDERITEMS (ORDERITEMID,ORDERID,PRODUCTID,QUANTITY,ITEMPRICE,DISCOUNTAMOUNT,PROMOTIONID) values (271,93,28,1,46.74,0,null);
Insert into ECOMMERCE_DB_USER.ORDERITEMS (ORDERITEMID,ORDERID,PRODUCTID,QUANTITY,ITEMPRICE,DISCOUNTAMOUNT,PROMOTIONID) values (272,54,151,1,74.09,0,null);
Insert into ECOMMERCE_DB_USER.ORDERITEMS (ORDERITEMID,ORDERID,PRODUCTID,QUANTITY,ITEMPRICE,DISCOUNTAMOUNT,PROMOTIONID) values (273,78,172,1,65.92,0.66,1);
Insert into ECOMMERCE_DB_USER.ORDERITEMS (ORDERITEMID,ORDERID,PRODUCTID,QUANTITY,ITEMPRICE,DISCOUNTAMOUNT,PROMOTIONID) values (274,88,33,3,55.34,0,null);
Insert into ECOMMERCE_DB_USER.ORDERITEMS (ORDERITEMID,ORDERID,PRODUCTID,QUANTITY,ITEMPRICE,DISCOUNTAMOUNT,PROMOTIONID) values (275,84,166,2,67.32,0,null);
Insert into ECOMMERCE_DB_USER.ORDERITEMS (ORDERITEMID,ORDERID,PRODUCTID,QUANTITY,ITEMPRICE,DISCOUNTAMOUNT,PROMOTIONID) values (276,79,56,4,16.64,0,null);
Insert into ECOMMERCE_DB_USER.ORDERITEMS (ORDERITEMID,ORDERID,PRODUCTID,QUANTITY,ITEMPRICE,DISCOUNTAMOUNT,PROMOTIONID) values (277,33,134,1,65.69,0,null);
Insert into ECOMMERCE_DB_USER.ORDERITEMS (ORDERITEMID,ORDERID,PRODUCTID,QUANTITY,ITEMPRICE,DISCOUNTAMOUNT,PROMOTIONID) values (278,57,186,2,86.64,1.73,1);
Insert into ECOMMERCE_DB_USER.ORDERITEMS (ORDERITEMID,ORDERID,PRODUCTID,QUANTITY,ITEMPRICE,DISCOUNTAMOUNT,PROMOTIONID) values (279,99,63,4,26.39,0,null);
Insert into ECOMMERCE_DB_USER.ORDERITEMS (ORDERITEMID,ORDERID,PRODUCTID,QUANTITY,ITEMPRICE,DISCOUNTAMOUNT,PROMOTIONID) values (280,39,3,2,13.75,0,null);
Insert into ECOMMERCE_DB_USER.ORDERITEMS (ORDERITEMID,ORDERID,PRODUCTID,QUANTITY,ITEMPRICE,DISCOUNTAMOUNT,PROMOTIONID) values (281,51,21,2,75.23,0,null);
Insert into ECOMMERCE_DB_USER.ORDERITEMS (ORDERITEMID,ORDERID,PRODUCTID,QUANTITY,ITEMPRICE,DISCOUNTAMOUNT,PROMOTIONID) values (282,21,14,4,57.46,0,null);
Insert into ECOMMERCE_DB_USER.ORDERITEMS (ORDERITEMID,ORDERID,PRODUCTID,QUANTITY,ITEMPRICE,DISCOUNTAMOUNT,PROMOTIONID) values (283,88,181,4,13.69,0,null);
Insert into ECOMMERCE_DB_USER.ORDERITEMS (ORDERITEMID,ORDERID,PRODUCTID,QUANTITY,ITEMPRICE,DISCOUNTAMOUNT,PROMOTIONID) values (284,62,172,4,33.49,0,null);
Insert into ECOMMERCE_DB_USER.ORDERITEMS (ORDERITEMID,ORDERID,PRODUCTID,QUANTITY,ITEMPRICE,DISCOUNTAMOUNT,PROMOTIONID) values (285,81,30,1,20.41,0,null);
Insert into ECOMMERCE_DB_USER.ORDERITEMS (ORDERITEMID,ORDERID,PRODUCTID,QUANTITY,ITEMPRICE,DISCOUNTAMOUNT,PROMOTIONID) values (286,69,126,3,79.88,0,null);
Insert into ECOMMERCE_DB_USER.ORDERITEMS (ORDERITEMID,ORDERID,PRODUCTID,QUANTITY,ITEMPRICE,DISCOUNTAMOUNT,PROMOTIONID) values (287,18,189,4,34.4,0,null);
Insert into ECOMMERCE_DB_USER.ORDERITEMS (ORDERITEMID,ORDERID,PRODUCTID,QUANTITY,ITEMPRICE,DISCOUNTAMOUNT,PROMOTIONID) values (288,18,13,3,41.43,0,null);
Insert into ECOMMERCE_DB_USER.ORDERITEMS (ORDERITEMID,ORDERID,PRODUCTID,QUANTITY,ITEMPRICE,DISCOUNTAMOUNT,PROMOTIONID) values (289,93,133,2,99.56,0,null);
Insert into ECOMMERCE_DB_USER.ORDERITEMS (ORDERITEMID,ORDERID,PRODUCTID,QUANTITY,ITEMPRICE,DISCOUNTAMOUNT,PROMOTIONID) values (290,35,131,3,29.03,0.87,1);
Insert into ECOMMERCE_DB_USER.ORDERITEMS (ORDERITEMID,ORDERID,PRODUCTID,QUANTITY,ITEMPRICE,DISCOUNTAMOUNT,PROMOTIONID) values (291,58,5,3,27.79,0,null);
Insert into ECOMMERCE_DB_USER.ORDERITEMS (ORDERITEMID,ORDERID,PRODUCTID,QUANTITY,ITEMPRICE,DISCOUNTAMOUNT,PROMOTIONID) values (292,79,58,1,82.36,0,null);
Insert into ECOMMERCE_DB_USER.ORDERITEMS (ORDERITEMID,ORDERID,PRODUCTID,QUANTITY,ITEMPRICE,DISCOUNTAMOUNT,PROMOTIONID) values (293,46,187,2,16.49,0,null);
Insert into ECOMMERCE_DB_USER.ORDERITEMS (ORDERITEMID,ORDERID,PRODUCTID,QUANTITY,ITEMPRICE,DISCOUNTAMOUNT,PROMOTIONID) values (294,64,182,4,71.41,0,null);
Insert into ECOMMERCE_DB_USER.ORDERITEMS (ORDERITEMID,ORDERID,PRODUCTID,QUANTITY,ITEMPRICE,DISCOUNTAMOUNT,PROMOTIONID) values (295,5,21,4,44.36,0,null);
Insert into ECOMMERCE_DB_USER.ORDERITEMS (ORDERITEMID,ORDERID,PRODUCTID,QUANTITY,ITEMPRICE,DISCOUNTAMOUNT,PROMOTIONID) values (296,14,80,4,83.47,0,null);
Insert into ECOMMERCE_DB_USER.ORDERITEMS (ORDERITEMID,ORDERID,PRODUCTID,QUANTITY,ITEMPRICE,DISCOUNTAMOUNT,PROMOTIONID) values (297,57,55,1,97.19,0.97,1);
Insert into ECOMMERCE_DB_USER.ORDERITEMS (ORDERITEMID,ORDERID,PRODUCTID,QUANTITY,ITEMPRICE,DISCOUNTAMOUNT,PROMOTIONID) values (298,52,79,2,44.95,0,null);
Insert into ECOMMERCE_DB_USER.ORDERITEMS (ORDERITEMID,ORDERID,PRODUCTID,QUANTITY,ITEMPRICE,DISCOUNTAMOUNT,PROMOTIONID) values (299,17,137,2,53.46,0,null);
Insert into ECOMMERCE_DB_USER.ORDERITEMS (ORDERITEMID,ORDERID,PRODUCTID,QUANTITY,ITEMPRICE,DISCOUNTAMOUNT,PROMOTIONID) values (300,92,135,3,66.75,0,null);
commit;
REM INSERTING into ECOMMERCE_DB_USER.ORDERS
SET DEFINE OFF;
Insert into ECOMMERCE_DB_USER.ORDERS (ORDERID,CUSTOMERID,ORDERDATE,ORDERTOTAL,SHIPPINGADDRESS,SHIPPINGCITY,SHIPPINGCOUNTRY) values (1,40,to_date('2023-07-16','YYYY-MM-DD'),412.38,'Shipping Address72','Calgary','Canada');
Insert into ECOMMERCE_DB_USER.ORDERS (ORDERID,CUSTOMERID,ORDERDATE,ORDERTOTAL,SHIPPINGADDRESS,SHIPPINGCITY,SHIPPINGCOUNTRY) values (2,17,to_date('2023-07-06','YYYY-MM-DD'),165.68,'Shipping Address26','Calgary','Canada');
Insert into ECOMMERCE_DB_USER.ORDERS (ORDERID,CUSTOMERID,ORDERDATE,ORDERTOTAL,SHIPPINGADDRESS,SHIPPINGCITY,SHIPPINGCOUNTRY) values (3,21,to_date('2023-07-06','YYYY-MM-DD'),382,'Shipping Address73','Calgary','Canada');
Insert into ECOMMERCE_DB_USER.ORDERS (ORDERID,CUSTOMERID,ORDERDATE,ORDERTOTAL,SHIPPINGADDRESS,SHIPPINGCITY,SHIPPINGCOUNTRY) values (4,2,to_date('2023-07-16','YYYY-MM-DD'),363.15,'Shipping Address89','Toronto','Canada');
Insert into ECOMMERCE_DB_USER.ORDERS (ORDERID,CUSTOMERID,ORDERDATE,ORDERTOTAL,SHIPPINGADDRESS,SHIPPINGCITY,SHIPPINGCOUNTRY) values (5,86,to_date('2023-07-08','YYYY-MM-DD'),286.65,'Shipping Address53','Toronto','Canada');
Insert into ECOMMERCE_DB_USER.ORDERS (ORDERID,CUSTOMERID,ORDERDATE,ORDERTOTAL,SHIPPINGADDRESS,SHIPPINGCITY,SHIPPINGCOUNTRY) values (6,13,to_date('2023-07-21','YYYY-MM-DD'),584.13,'Shipping Address59','Toronto','Canada');
Insert into ECOMMERCE_DB_USER.ORDERS (ORDERID,CUSTOMERID,ORDERDATE,ORDERTOTAL,SHIPPINGADDRESS,SHIPPINGCITY,SHIPPINGCOUNTRY) values (7,59,to_date('2023-07-16','YYYY-MM-DD'),192.88,'Shipping Address88','Calgary','Canada');
Insert into ECOMMERCE_DB_USER.ORDERS (ORDERID,CUSTOMERID,ORDERDATE,ORDERTOTAL,SHIPPINGADDRESS,SHIPPINGCITY,SHIPPINGCOUNTRY) values (8,80,to_date('2023-07-29','YYYY-MM-DD'),326.96,'Shipping Address59','Vancouver','Canada');
Insert into ECOMMERCE_DB_USER.ORDERS (ORDERID,CUSTOMERID,ORDERDATE,ORDERTOTAL,SHIPPINGADDRESS,SHIPPINGCITY,SHIPPINGCOUNTRY) values (9,36,to_date('2023-07-03','YYYY-MM-DD'),176.61,'Shipping Address6','Toronto','Canada');
Insert into ECOMMERCE_DB_USER.ORDERS (ORDERID,CUSTOMERID,ORDERDATE,ORDERTOTAL,SHIPPINGADDRESS,SHIPPINGCITY,SHIPPINGCOUNTRY) values (10,46,to_date('2023-07-08','YYYY-MM-DD'),236.72,'Shipping Address91','Toronto','Canada');
Insert into ECOMMERCE_DB_USER.ORDERS (ORDERID,CUSTOMERID,ORDERDATE,ORDERTOTAL,SHIPPINGADDRESS,SHIPPINGCITY,SHIPPINGCOUNTRY) values (11,89,to_date('2023-07-28','YYYY-MM-DD'),122.52,'Shipping Address31','Toronto','Canada');
Insert into ECOMMERCE_DB_USER.ORDERS (ORDERID,CUSTOMERID,ORDERDATE,ORDERTOTAL,SHIPPINGADDRESS,SHIPPINGCITY,SHIPPINGCOUNTRY) values (12,63,to_date('2023-07-20','YYYY-MM-DD'),132.75,'Shipping Address26','Vancouver','Canada');
Insert into ECOMMERCE_DB_USER.ORDERS (ORDERID,CUSTOMERID,ORDERDATE,ORDERTOTAL,SHIPPINGADDRESS,SHIPPINGCITY,SHIPPINGCOUNTRY) values (13,28,to_date('2023-07-23','YYYY-MM-DD'),626.9,'Shipping Address37','Vancouver','Canada');
Insert into ECOMMERCE_DB_USER.ORDERS (ORDERID,CUSTOMERID,ORDERDATE,ORDERTOTAL,SHIPPINGADDRESS,SHIPPINGCITY,SHIPPINGCOUNTRY) values (14,11,to_date('2023-07-30','YYYY-MM-DD'),344.68,'Shipping Address98','Toronto','Canada');
Insert into ECOMMERCE_DB_USER.ORDERS (ORDERID,CUSTOMERID,ORDERDATE,ORDERTOTAL,SHIPPINGADDRESS,SHIPPINGCITY,SHIPPINGCOUNTRY) values (15,62,to_date('2023-07-27','YYYY-MM-DD'),440.35,'Shipping Address98','Toronto','Canada');
Insert into ECOMMERCE_DB_USER.ORDERS (ORDERID,CUSTOMERID,ORDERDATE,ORDERTOTAL,SHIPPINGADDRESS,SHIPPINGCITY,SHIPPINGCOUNTRY) values (16,6,to_date('2023-07-22','YYYY-MM-DD'),500.05,'Shipping Address68','Toronto','Canada');
Insert into ECOMMERCE_DB_USER.ORDERS (ORDERID,CUSTOMERID,ORDERDATE,ORDERTOTAL,SHIPPINGADDRESS,SHIPPINGCITY,SHIPPINGCOUNTRY) values (17,26,to_date('2023-07-18','YYYY-MM-DD'),497.05,'Shipping Address62','Vancouver','Canada');
Insert into ECOMMERCE_DB_USER.ORDERS (ORDERID,CUSTOMERID,ORDERDATE,ORDERTOTAL,SHIPPINGADDRESS,SHIPPINGCITY,SHIPPINGCOUNTRY) values (18,65,to_date('2023-07-05','YYYY-MM-DD'),780.58,'Shipping Address91','Toronto','Canada');
Insert into ECOMMERCE_DB_USER.ORDERS (ORDERID,CUSTOMERID,ORDERDATE,ORDERTOTAL,SHIPPINGADDRESS,SHIPPINGCITY,SHIPPINGCOUNTRY) values (19,25,to_date('2023-07-08','YYYY-MM-DD'),116.05,'Shipping Address18','Calgary','Canada');
Insert into ECOMMERCE_DB_USER.ORDERS (ORDERID,CUSTOMERID,ORDERDATE,ORDERTOTAL,SHIPPINGADDRESS,SHIPPINGCITY,SHIPPINGCOUNTRY) values (20,94,to_date('2023-07-06','YYYY-MM-DD'),160.77,'Shipping Address33','Toronto','Canada');
Insert into ECOMMERCE_DB_USER.ORDERS (ORDERID,CUSTOMERID,ORDERDATE,ORDERTOTAL,SHIPPINGADDRESS,SHIPPINGCITY,SHIPPINGCOUNTRY) values (21,74,to_date('2023-07-26','YYYY-MM-DD'),131.24,'Shipping Address29','Toronto','Canada');
Insert into ECOMMERCE_DB_USER.ORDERS (ORDERID,CUSTOMERID,ORDERDATE,ORDERTOTAL,SHIPPINGADDRESS,SHIPPINGCITY,SHIPPINGCOUNTRY) values (22,6,to_date('2023-07-29','YYYY-MM-DD'),756.01,'Shipping Address75','Calgary','Canada');
Insert into ECOMMERCE_DB_USER.ORDERS (ORDERID,CUSTOMERID,ORDERDATE,ORDERTOTAL,SHIPPINGADDRESS,SHIPPINGCITY,SHIPPINGCOUNTRY) values (23,78,to_date('2023-07-28','YYYY-MM-DD'),656.86,'Shipping Address70','Toronto','Canada');
Insert into ECOMMERCE_DB_USER.ORDERS (ORDERID,CUSTOMERID,ORDERDATE,ORDERTOTAL,SHIPPINGADDRESS,SHIPPINGCITY,SHIPPINGCOUNTRY) values (24,70,to_date('2023-07-13','YYYY-MM-DD'),758.38,'Shipping Address13','Vancouver','Canada');
Insert into ECOMMERCE_DB_USER.ORDERS (ORDERID,CUSTOMERID,ORDERDATE,ORDERTOTAL,SHIPPINGADDRESS,SHIPPINGCITY,SHIPPINGCOUNTRY) values (25,27,to_date('2023-07-07','YYYY-MM-DD'),560.57,'Shipping Address1','Vancouver','Canada');
Insert into ECOMMERCE_DB_USER.ORDERS (ORDERID,CUSTOMERID,ORDERDATE,ORDERTOTAL,SHIPPINGADDRESS,SHIPPINGCITY,SHIPPINGCOUNTRY) values (26,59,to_date('2023-07-25','YYYY-MM-DD'),615.06,'Shipping Address5','Vancouver','Canada');
Insert into ECOMMERCE_DB_USER.ORDERS (ORDERID,CUSTOMERID,ORDERDATE,ORDERTOTAL,SHIPPINGADDRESS,SHIPPINGCITY,SHIPPINGCOUNTRY) values (27,22,to_date('2023-07-14','YYYY-MM-DD'),372.25,'Shipping Address71','Vancouver','Canada');
Insert into ECOMMERCE_DB_USER.ORDERS (ORDERID,CUSTOMERID,ORDERDATE,ORDERTOTAL,SHIPPINGADDRESS,SHIPPINGCITY,SHIPPINGCOUNTRY) values (28,37,to_date('2023-07-20','YYYY-MM-DD'),457.21,'Shipping Address35','Toronto','Canada');
Insert into ECOMMERCE_DB_USER.ORDERS (ORDERID,CUSTOMERID,ORDERDATE,ORDERTOTAL,SHIPPINGADDRESS,SHIPPINGCITY,SHIPPINGCOUNTRY) values (29,40,to_date('2023-07-28','YYYY-MM-DD'),696.23,'Shipping Address54','Calgary','Canada');
Insert into ECOMMERCE_DB_USER.ORDERS (ORDERID,CUSTOMERID,ORDERDATE,ORDERTOTAL,SHIPPINGADDRESS,SHIPPINGCITY,SHIPPINGCOUNTRY) values (30,30,to_date('2023-07-29','YYYY-MM-DD'),494.69,'Shipping Address91','Toronto','Canada');
Insert into ECOMMERCE_DB_USER.ORDERS (ORDERID,CUSTOMERID,ORDERDATE,ORDERTOTAL,SHIPPINGADDRESS,SHIPPINGCITY,SHIPPINGCOUNTRY) values (31,44,to_date('2023-07-14','YYYY-MM-DD'),364.93,'Shipping Address84','Toronto','Canada');
Insert into ECOMMERCE_DB_USER.ORDERS (ORDERID,CUSTOMERID,ORDERDATE,ORDERTOTAL,SHIPPINGADDRESS,SHIPPINGCITY,SHIPPINGCOUNTRY) values (32,22,to_date('2023-07-14','YYYY-MM-DD'),873.34,'Shipping Address86','Toronto','Canada');
Insert into ECOMMERCE_DB_USER.ORDERS (ORDERID,CUSTOMERID,ORDERDATE,ORDERTOTAL,SHIPPINGADDRESS,SHIPPINGCITY,SHIPPINGCOUNTRY) values (33,56,to_date('2023-07-06','YYYY-MM-DD'),261.3,'Shipping Address6','Vancouver','Canada');
Insert into ECOMMERCE_DB_USER.ORDERS (ORDERID,CUSTOMERID,ORDERDATE,ORDERTOTAL,SHIPPINGADDRESS,SHIPPINGCITY,SHIPPINGCOUNTRY) values (34,23,to_date('2023-07-09','YYYY-MM-DD'),334.07,'Shipping Address10','Vancouver','Canada');
Insert into ECOMMERCE_DB_USER.ORDERS (ORDERID,CUSTOMERID,ORDERDATE,ORDERTOTAL,SHIPPINGADDRESS,SHIPPINGCITY,SHIPPINGCOUNTRY) values (35,88,to_date('2023-07-25','YYYY-MM-DD'),696.94,'Shipping Address78','Toronto','Canada');
Insert into ECOMMERCE_DB_USER.ORDERS (ORDERID,CUSTOMERID,ORDERDATE,ORDERTOTAL,SHIPPINGADDRESS,SHIPPINGCITY,SHIPPINGCOUNTRY) values (36,14,to_date('2023-07-16','YYYY-MM-DD'),512.62,'Shipping Address44','Vancouver','Canada');
Insert into ECOMMERCE_DB_USER.ORDERS (ORDERID,CUSTOMERID,ORDERDATE,ORDERTOTAL,SHIPPINGADDRESS,SHIPPINGCITY,SHIPPINGCOUNTRY) values (37,68,to_date('2023-07-08','YYYY-MM-DD'),133.49,'Shipping Address34','Vancouver','Canada');
Insert into ECOMMERCE_DB_USER.ORDERS (ORDERID,CUSTOMERID,ORDERDATE,ORDERTOTAL,SHIPPINGADDRESS,SHIPPINGCITY,SHIPPINGCOUNTRY) values (38,39,to_date('2023-07-21','YYYY-MM-DD'),774.93,'Shipping Address57','Toronto','Canada');
Insert into ECOMMERCE_DB_USER.ORDERS (ORDERID,CUSTOMERID,ORDERDATE,ORDERTOTAL,SHIPPINGADDRESS,SHIPPINGCITY,SHIPPINGCOUNTRY) values (39,53,to_date('2023-07-06','YYYY-MM-DD'),615.79,'Shipping Address52','Toronto','Canada');
Insert into ECOMMERCE_DB_USER.ORDERS (ORDERID,CUSTOMERID,ORDERDATE,ORDERTOTAL,SHIPPINGADDRESS,SHIPPINGCITY,SHIPPINGCOUNTRY) values (40,85,to_date('2023-07-05','YYYY-MM-DD'),940.9,'Shipping Address79','Calgary','Canada');
Insert into ECOMMERCE_DB_USER.ORDERS (ORDERID,CUSTOMERID,ORDERDATE,ORDERTOTAL,SHIPPINGADDRESS,SHIPPINGCITY,SHIPPINGCOUNTRY) values (41,70,to_date('2023-07-26','YYYY-MM-DD'),331.3,'Shipping Address57','Calgary','Canada');
Insert into ECOMMERCE_DB_USER.ORDERS (ORDERID,CUSTOMERID,ORDERDATE,ORDERTOTAL,SHIPPINGADDRESS,SHIPPINGCITY,SHIPPINGCOUNTRY) values (42,47,to_date('2023-07-18','YYYY-MM-DD'),841.35,'Shipping Address30','Vancouver','Canada');
Insert into ECOMMERCE_DB_USER.ORDERS (ORDERID,CUSTOMERID,ORDERDATE,ORDERTOTAL,SHIPPINGADDRESS,SHIPPINGCITY,SHIPPINGCOUNTRY) values (43,60,to_date('2023-07-04','YYYY-MM-DD'),210.39,'Shipping Address90','Vancouver','Canada');
Insert into ECOMMERCE_DB_USER.ORDERS (ORDERID,CUSTOMERID,ORDERDATE,ORDERTOTAL,SHIPPINGADDRESS,SHIPPINGCITY,SHIPPINGCOUNTRY) values (44,89,to_date('2023-07-17','YYYY-MM-DD'),861.58,'Shipping Address80','Toronto','Canada');
Insert into ECOMMERCE_DB_USER.ORDERS (ORDERID,CUSTOMERID,ORDERDATE,ORDERTOTAL,SHIPPINGADDRESS,SHIPPINGCITY,SHIPPINGCOUNTRY) values (45,54,to_date('2023-07-24','YYYY-MM-DD'),512.08,'Shipping Address67','Calgary','Canada');
Insert into ECOMMERCE_DB_USER.ORDERS (ORDERID,CUSTOMERID,ORDERDATE,ORDERTOTAL,SHIPPINGADDRESS,SHIPPINGCITY,SHIPPINGCOUNTRY) values (46,13,to_date('2023-07-21','YYYY-MM-DD'),841.97,'Shipping Address72','Calgary','Canada');
Insert into ECOMMERCE_DB_USER.ORDERS (ORDERID,CUSTOMERID,ORDERDATE,ORDERTOTAL,SHIPPINGADDRESS,SHIPPINGCITY,SHIPPINGCOUNTRY) values (47,9,to_date('2023-07-08','YYYY-MM-DD'),363.28,'Shipping Address70','Calgary','Canada');
Insert into ECOMMERCE_DB_USER.ORDERS (ORDERID,CUSTOMERID,ORDERDATE,ORDERTOTAL,SHIPPINGADDRESS,SHIPPINGCITY,SHIPPINGCOUNTRY) values (48,55,to_date('2023-07-23','YYYY-MM-DD'),670.38,'Shipping Address17','Vancouver','Canada');
Insert into ECOMMERCE_DB_USER.ORDERS (ORDERID,CUSTOMERID,ORDERDATE,ORDERTOTAL,SHIPPINGADDRESS,SHIPPINGCITY,SHIPPINGCOUNTRY) values (49,1,to_date('2023-07-08','YYYY-MM-DD'),888.93,'Shipping Address69','Toronto','Canada');
Insert into ECOMMERCE_DB_USER.ORDERS (ORDERID,CUSTOMERID,ORDERDATE,ORDERTOTAL,SHIPPINGADDRESS,SHIPPINGCITY,SHIPPINGCOUNTRY) values (50,4,to_date('2023-07-03','YYYY-MM-DD'),225.58,'Shipping Address37','Toronto','Canada');
Insert into ECOMMERCE_DB_USER.ORDERS (ORDERID,CUSTOMERID,ORDERDATE,ORDERTOTAL,SHIPPINGADDRESS,SHIPPINGCITY,SHIPPINGCOUNTRY) values (51,88,to_date('2023-07-21','YYYY-MM-DD'),759.38,'Shipping Address26','Vancouver','Canada');
Insert into ECOMMERCE_DB_USER.ORDERS (ORDERID,CUSTOMERID,ORDERDATE,ORDERTOTAL,SHIPPINGADDRESS,SHIPPINGCITY,SHIPPINGCOUNTRY) values (52,63,to_date('2023-07-29','YYYY-MM-DD'),935.53,'Shipping Address40','Vancouver','Canada');
Insert into ECOMMERCE_DB_USER.ORDERS (ORDERID,CUSTOMERID,ORDERDATE,ORDERTOTAL,SHIPPINGADDRESS,SHIPPINGCITY,SHIPPINGCOUNTRY) values (53,31,to_date('2023-07-21','YYYY-MM-DD'),153.57,'Shipping Address59','Toronto','Canada');
Insert into ECOMMERCE_DB_USER.ORDERS (ORDERID,CUSTOMERID,ORDERDATE,ORDERTOTAL,SHIPPINGADDRESS,SHIPPINGCITY,SHIPPINGCOUNTRY) values (54,55,to_date('2023-07-21','YYYY-MM-DD'),873.72,'Shipping Address53','Calgary','Canada');
Insert into ECOMMERCE_DB_USER.ORDERS (ORDERID,CUSTOMERID,ORDERDATE,ORDERTOTAL,SHIPPINGADDRESS,SHIPPINGCITY,SHIPPINGCOUNTRY) values (55,54,to_date('2023-07-18','YYYY-MM-DD'),200.31,'Shipping Address68','Calgary','Canada');
Insert into ECOMMERCE_DB_USER.ORDERS (ORDERID,CUSTOMERID,ORDERDATE,ORDERTOTAL,SHIPPINGADDRESS,SHIPPINGCITY,SHIPPINGCOUNTRY) values (56,74,to_date('2023-07-25','YYYY-MM-DD'),597.46,'Shipping Address80','Toronto','Canada');
Insert into ECOMMERCE_DB_USER.ORDERS (ORDERID,CUSTOMERID,ORDERDATE,ORDERTOTAL,SHIPPINGADDRESS,SHIPPINGCITY,SHIPPINGCOUNTRY) values (57,17,to_date('2023-07-17','YYYY-MM-DD'),570.46,'Shipping Address45','Toronto','Canada');
Insert into ECOMMERCE_DB_USER.ORDERS (ORDERID,CUSTOMERID,ORDERDATE,ORDERTOTAL,SHIPPINGADDRESS,SHIPPINGCITY,SHIPPINGCOUNTRY) values (58,71,to_date('2023-07-27','YYYY-MM-DD'),326.77,'Shipping Address62','Vancouver','Canada');
Insert into ECOMMERCE_DB_USER.ORDERS (ORDERID,CUSTOMERID,ORDERDATE,ORDERTOTAL,SHIPPINGADDRESS,SHIPPINGCITY,SHIPPINGCOUNTRY) values (59,15,to_date('2023-07-02','YYYY-MM-DD'),386.2,'Shipping Address23','Toronto','Canada');
Insert into ECOMMERCE_DB_USER.ORDERS (ORDERID,CUSTOMERID,ORDERDATE,ORDERTOTAL,SHIPPINGADDRESS,SHIPPINGCITY,SHIPPINGCOUNTRY) values (60,31,to_date('2023-07-25','YYYY-MM-DD'),600.45,'Shipping Address55','Calgary','Canada');
Insert into ECOMMERCE_DB_USER.ORDERS (ORDERID,CUSTOMERID,ORDERDATE,ORDERTOTAL,SHIPPINGADDRESS,SHIPPINGCITY,SHIPPINGCOUNTRY) values (61,70,to_date('2023-07-20','YYYY-MM-DD'),735.67,'Shipping Address48','Calgary','Canada');
Insert into ECOMMERCE_DB_USER.ORDERS (ORDERID,CUSTOMERID,ORDERDATE,ORDERTOTAL,SHIPPINGADDRESS,SHIPPINGCITY,SHIPPINGCOUNTRY) values (62,60,to_date('2023-07-14','YYYY-MM-DD'),605.15,'Shipping Address81','Vancouver','Canada');
Insert into ECOMMERCE_DB_USER.ORDERS (ORDERID,CUSTOMERID,ORDERDATE,ORDERTOTAL,SHIPPINGADDRESS,SHIPPINGCITY,SHIPPINGCOUNTRY) values (63,93,to_date('2023-07-04','YYYY-MM-DD'),531.5,'Shipping Address92','Toronto','Canada');
Insert into ECOMMERCE_DB_USER.ORDERS (ORDERID,CUSTOMERID,ORDERDATE,ORDERTOTAL,SHIPPINGADDRESS,SHIPPINGCITY,SHIPPINGCOUNTRY) values (64,40,to_date('2023-07-12','YYYY-MM-DD'),937.77,'Shipping Address84','Calgary','Canada');
Insert into ECOMMERCE_DB_USER.ORDERS (ORDERID,CUSTOMERID,ORDERDATE,ORDERTOTAL,SHIPPINGADDRESS,SHIPPINGCITY,SHIPPINGCOUNTRY) values (65,91,to_date('2023-07-25','YYYY-MM-DD'),912.66,'Shipping Address85','Calgary','Canada');
Insert into ECOMMERCE_DB_USER.ORDERS (ORDERID,CUSTOMERID,ORDERDATE,ORDERTOTAL,SHIPPINGADDRESS,SHIPPINGCITY,SHIPPINGCOUNTRY) values (66,77,to_date('2023-07-27','YYYY-MM-DD'),938.14,'Shipping Address24','Toronto','Canada');
Insert into ECOMMERCE_DB_USER.ORDERS (ORDERID,CUSTOMERID,ORDERDATE,ORDERTOTAL,SHIPPINGADDRESS,SHIPPINGCITY,SHIPPINGCOUNTRY) values (67,49,to_date('2023-07-16','YYYY-MM-DD'),268.29,'Shipping Address51','Calgary','Canada');
Insert into ECOMMERCE_DB_USER.ORDERS (ORDERID,CUSTOMERID,ORDERDATE,ORDERTOTAL,SHIPPINGADDRESS,SHIPPINGCITY,SHIPPINGCOUNTRY) values (68,90,to_date('2023-07-05','YYYY-MM-DD'),970.48,'Shipping Address2','Calgary','Canada');
Insert into ECOMMERCE_DB_USER.ORDERS (ORDERID,CUSTOMERID,ORDERDATE,ORDERTOTAL,SHIPPINGADDRESS,SHIPPINGCITY,SHIPPINGCOUNTRY) values (69,15,to_date('2023-07-25','YYYY-MM-DD'),444.01,'Shipping Address11','Toronto','Canada');
Insert into ECOMMERCE_DB_USER.ORDERS (ORDERID,CUSTOMERID,ORDERDATE,ORDERTOTAL,SHIPPINGADDRESS,SHIPPINGCITY,SHIPPINGCOUNTRY) values (70,19,to_date('2023-07-14','YYYY-MM-DD'),742.97,'Shipping Address16','Toronto','Canada');
Insert into ECOMMERCE_DB_USER.ORDERS (ORDERID,CUSTOMERID,ORDERDATE,ORDERTOTAL,SHIPPINGADDRESS,SHIPPINGCITY,SHIPPINGCOUNTRY) values (71,24,to_date('2023-07-22','YYYY-MM-DD'),441.95,'Shipping Address46','Vancouver','Canada');
Insert into ECOMMERCE_DB_USER.ORDERS (ORDERID,CUSTOMERID,ORDERDATE,ORDERTOTAL,SHIPPINGADDRESS,SHIPPINGCITY,SHIPPINGCOUNTRY) values (72,60,to_date('2023-07-13','YYYY-MM-DD'),622.72,'Shipping Address41','Calgary','Canada');
Insert into ECOMMERCE_DB_USER.ORDERS (ORDERID,CUSTOMERID,ORDERDATE,ORDERTOTAL,SHIPPINGADDRESS,SHIPPINGCITY,SHIPPINGCOUNTRY) values (73,87,to_date('2023-07-29','YYYY-MM-DD'),181.69,'Shipping Address99','Calgary','Canada');
Insert into ECOMMERCE_DB_USER.ORDERS (ORDERID,CUSTOMERID,ORDERDATE,ORDERTOTAL,SHIPPINGADDRESS,SHIPPINGCITY,SHIPPINGCOUNTRY) values (74,72,to_date('2023-07-01','YYYY-MM-DD'),668.31,'Shipping Address89','Toronto','Canada');
Insert into ECOMMERCE_DB_USER.ORDERS (ORDERID,CUSTOMERID,ORDERDATE,ORDERTOTAL,SHIPPINGADDRESS,SHIPPINGCITY,SHIPPINGCOUNTRY) values (75,29,to_date('2023-07-17','YYYY-MM-DD'),764.31,'Shipping Address23','Toronto','Canada');
Insert into ECOMMERCE_DB_USER.ORDERS (ORDERID,CUSTOMERID,ORDERDATE,ORDERTOTAL,SHIPPINGADDRESS,SHIPPINGCITY,SHIPPINGCOUNTRY) values (76,19,to_date('2023-07-01','YYYY-MM-DD'),406.68,'Shipping Address57','Toronto','Canada');
Insert into ECOMMERCE_DB_USER.ORDERS (ORDERID,CUSTOMERID,ORDERDATE,ORDERTOTAL,SHIPPINGADDRESS,SHIPPINGCITY,SHIPPINGCOUNTRY) values (77,86,to_date('2023-07-04','YYYY-MM-DD'),694.92,'Shipping Address62','Calgary','Canada');
Insert into ECOMMERCE_DB_USER.ORDERS (ORDERID,CUSTOMERID,ORDERDATE,ORDERTOTAL,SHIPPINGADDRESS,SHIPPINGCITY,SHIPPINGCOUNTRY) values (78,9,to_date('2023-07-04','YYYY-MM-DD'),637.45,'Shipping Address10','Toronto','Canada');
Insert into ECOMMERCE_DB_USER.ORDERS (ORDERID,CUSTOMERID,ORDERDATE,ORDERTOTAL,SHIPPINGADDRESS,SHIPPINGCITY,SHIPPINGCOUNTRY) values (79,87,to_date('2023-07-01','YYYY-MM-DD'),911.63,'Shipping Address11','Calgary','Canada');
Insert into ECOMMERCE_DB_USER.ORDERS (ORDERID,CUSTOMERID,ORDERDATE,ORDERTOTAL,SHIPPINGADDRESS,SHIPPINGCITY,SHIPPINGCOUNTRY) values (80,10,to_date('2023-07-16','YYYY-MM-DD'),471.56,'Shipping Address73','Toronto','Canada');
Insert into ECOMMERCE_DB_USER.ORDERS (ORDERID,CUSTOMERID,ORDERDATE,ORDERTOTAL,SHIPPINGADDRESS,SHIPPINGCITY,SHIPPINGCOUNTRY) values (81,24,to_date('2023-07-22','YYYY-MM-DD'),329.82,'Shipping Address89','Toronto','Canada');
Insert into ECOMMERCE_DB_USER.ORDERS (ORDERID,CUSTOMERID,ORDERDATE,ORDERTOTAL,SHIPPINGADDRESS,SHIPPINGCITY,SHIPPINGCOUNTRY) values (82,28,to_date('2023-07-28','YYYY-MM-DD'),451.58,'Shipping Address79','Toronto','Canada');
Insert into ECOMMERCE_DB_USER.ORDERS (ORDERID,CUSTOMERID,ORDERDATE,ORDERTOTAL,SHIPPINGADDRESS,SHIPPINGCITY,SHIPPINGCOUNTRY) values (83,65,to_date('2023-07-09','YYYY-MM-DD'),726.55,'Shipping Address8','Vancouver','Canada');
Insert into ECOMMERCE_DB_USER.ORDERS (ORDERID,CUSTOMERID,ORDERDATE,ORDERTOTAL,SHIPPINGADDRESS,SHIPPINGCITY,SHIPPINGCOUNTRY) values (84,61,to_date('2023-07-01','YYYY-MM-DD'),296.07,'Shipping Address59','Toronto','Canada');
Insert into ECOMMERCE_DB_USER.ORDERS (ORDERID,CUSTOMERID,ORDERDATE,ORDERTOTAL,SHIPPINGADDRESS,SHIPPINGCITY,SHIPPINGCOUNTRY) values (85,91,to_date('2023-07-28','YYYY-MM-DD'),693.67,'Shipping Address79','Toronto','Canada');
Insert into ECOMMERCE_DB_USER.ORDERS (ORDERID,CUSTOMERID,ORDERDATE,ORDERTOTAL,SHIPPINGADDRESS,SHIPPINGCITY,SHIPPINGCOUNTRY) values (86,19,to_date('2023-07-19','YYYY-MM-DD'),338.04,'Shipping Address64','Calgary','Canada');
Insert into ECOMMERCE_DB_USER.ORDERS (ORDERID,CUSTOMERID,ORDERDATE,ORDERTOTAL,SHIPPINGADDRESS,SHIPPINGCITY,SHIPPINGCOUNTRY) values (87,35,to_date('2023-07-08','YYYY-MM-DD'),162.76,'Shipping Address82','Calgary','Canada');
Insert into ECOMMERCE_DB_USER.ORDERS (ORDERID,CUSTOMERID,ORDERDATE,ORDERTOTAL,SHIPPINGADDRESS,SHIPPINGCITY,SHIPPINGCOUNTRY) values (88,17,to_date('2023-07-12','YYYY-MM-DD'),620.17,'Shipping Address2','Vancouver','Canada');
Insert into ECOMMERCE_DB_USER.ORDERS (ORDERID,CUSTOMERID,ORDERDATE,ORDERTOTAL,SHIPPINGADDRESS,SHIPPINGCITY,SHIPPINGCOUNTRY) values (89,25,to_date('2023-07-24','YYYY-MM-DD'),879.41,'Shipping Address79','Toronto','Canada');
Insert into ECOMMERCE_DB_USER.ORDERS (ORDERID,CUSTOMERID,ORDERDATE,ORDERTOTAL,SHIPPINGADDRESS,SHIPPINGCITY,SHIPPINGCOUNTRY) values (90,46,to_date('2023-07-20','YYYY-MM-DD'),931.15,'Shipping Address32','Vancouver','Canada');
Insert into ECOMMERCE_DB_USER.ORDERS (ORDERID,CUSTOMERID,ORDERDATE,ORDERTOTAL,SHIPPINGADDRESS,SHIPPINGCITY,SHIPPINGCOUNTRY) values (91,14,to_date('2023-07-14','YYYY-MM-DD'),382.04,'Shipping Address40','Calgary','Canada');
Insert into ECOMMERCE_DB_USER.ORDERS (ORDERID,CUSTOMERID,ORDERDATE,ORDERTOTAL,SHIPPINGADDRESS,SHIPPINGCITY,SHIPPINGCOUNTRY) values (92,40,to_date('2023-07-28','YYYY-MM-DD'),898.67,'Shipping Address16','Calgary','Canada');
Insert into ECOMMERCE_DB_USER.ORDERS (ORDERID,CUSTOMERID,ORDERDATE,ORDERTOTAL,SHIPPINGADDRESS,SHIPPINGCITY,SHIPPINGCOUNTRY) values (93,6,to_date('2023-07-09','YYYY-MM-DD'),678.27,'Shipping Address86','Calgary','Canada');
Insert into ECOMMERCE_DB_USER.ORDERS (ORDERID,CUSTOMERID,ORDERDATE,ORDERTOTAL,SHIPPINGADDRESS,SHIPPINGCITY,SHIPPINGCOUNTRY) values (94,60,to_date('2023-07-14','YYYY-MM-DD'),181.63,'Shipping Address65','Vancouver','Canada');
Insert into ECOMMERCE_DB_USER.ORDERS (ORDERID,CUSTOMERID,ORDERDATE,ORDERTOTAL,SHIPPINGADDRESS,SHIPPINGCITY,SHIPPINGCOUNTRY) values (95,14,to_date('2023-07-09','YYYY-MM-DD'),996.74,'Shipping Address46','Calgary','Canada');
Insert into ECOMMERCE_DB_USER.ORDERS (ORDERID,CUSTOMERID,ORDERDATE,ORDERTOTAL,SHIPPINGADDRESS,SHIPPINGCITY,SHIPPINGCOUNTRY) values (96,19,to_date('2023-07-11','YYYY-MM-DD'),366.59,'Shipping Address71','Vancouver','Canada');
Insert into ECOMMERCE_DB_USER.ORDERS (ORDERID,CUSTOMERID,ORDERDATE,ORDERTOTAL,SHIPPINGADDRESS,SHIPPINGCITY,SHIPPINGCOUNTRY) values (97,67,to_date('2023-07-23','YYYY-MM-DD'),736.48,'Shipping Address95','Toronto','Canada');
Insert into ECOMMERCE_DB_USER.ORDERS (ORDERID,CUSTOMERID,ORDERDATE,ORDERTOTAL,SHIPPINGADDRESS,SHIPPINGCITY,SHIPPINGCOUNTRY) values (98,31,to_date('2023-07-20','YYYY-MM-DD'),983.78,'Shipping Address71','Toronto','Canada');
Insert into ECOMMERCE_DB_USER.ORDERS (ORDERID,CUSTOMERID,ORDERDATE,ORDERTOTAL,SHIPPINGADDRESS,SHIPPINGCITY,SHIPPINGCOUNTRY) values (99,13,to_date('2023-07-14','YYYY-MM-DD'),863.51,'Shipping Address65','Vancouver','Canada');
Insert into ECOMMERCE_DB_USER.ORDERS (ORDERID,CUSTOMERID,ORDERDATE,ORDERTOTAL,SHIPPINGADDRESS,SHIPPINGCITY,SHIPPINGCOUNTRY) values (100,24,to_date('2023-07-12','YYYY-MM-DD'),374.18,'Shipping Address88','Calgary','Canada');
commit;
REM INSERTING into ECOMMERCE_DB_USER.PAYMENTS
SET DEFINE OFF;
Insert into ECOMMERCE_DB_USER.PAYMENTS (PAYMENTID,ORDERID,PAYMENTDATE,PAYMENTAMOUNT,PAYMENTMETHOD) values (1,99,to_date('2023-07-04','YYYY-MM-DD'),334.64,'Cash');
Insert into ECOMMERCE_DB_USER.PAYMENTS (PAYMENTID,ORDERID,PAYMENTDATE,PAYMENTAMOUNT,PAYMENTMETHOD) values (2,77,to_date('2023-07-14','YYYY-MM-DD'),417.9,'Cash');
Insert into ECOMMERCE_DB_USER.PAYMENTS (PAYMENTID,ORDERID,PAYMENTDATE,PAYMENTAMOUNT,PAYMENTMETHOD) values (3,27,to_date('2023-07-28','YYYY-MM-DD'),134.15,'DebitCredit');
Insert into ECOMMERCE_DB_USER.PAYMENTS (PAYMENTID,ORDERID,PAYMENTDATE,PAYMENTAMOUNT,PAYMENTMETHOD) values (4,54,to_date('2023-07-17','YYYY-MM-DD'),796.65,'DebitCredit');
Insert into ECOMMERCE_DB_USER.PAYMENTS (PAYMENTID,ORDERID,PAYMENTDATE,PAYMENTAMOUNT,PAYMENTMETHOD) values (5,88,to_date('2023-07-21','YYYY-MM-DD'),371.28,'DebitCredit');
Insert into ECOMMERCE_DB_USER.PAYMENTS (PAYMENTID,ORDERID,PAYMENTDATE,PAYMENTAMOUNT,PAYMENTMETHOD) values (6,35,to_date('2023-07-16','YYYY-MM-DD'),446.73,'Cash');
Insert into ECOMMERCE_DB_USER.PAYMENTS (PAYMENTID,ORDERID,PAYMENTDATE,PAYMENTAMOUNT,PAYMENTMETHOD) values (7,85,to_date('2023-07-09','YYYY-MM-DD'),661.63,'DebitCredit');
Insert into ECOMMERCE_DB_USER.PAYMENTS (PAYMENTID,ORDERID,PAYMENTDATE,PAYMENTAMOUNT,PAYMENTMETHOD) values (8,97,to_date('2023-07-05','YYYY-MM-DD'),35.95,'DebitCredit');
Insert into ECOMMERCE_DB_USER.PAYMENTS (PAYMENTID,ORDERID,PAYMENTDATE,PAYMENTAMOUNT,PAYMENTMETHOD) values (9,35,to_date('2023-07-13','YYYY-MM-DD'),800.91,'DebitCredit');
Insert into ECOMMERCE_DB_USER.PAYMENTS (PAYMENTID,ORDERID,PAYMENTDATE,PAYMENTAMOUNT,PAYMENTMETHOD) values (10,67,to_date('2023-07-25','YYYY-MM-DD'),313.14,'Cash');
Insert into ECOMMERCE_DB_USER.PAYMENTS (PAYMENTID,ORDERID,PAYMENTDATE,PAYMENTAMOUNT,PAYMENTMETHOD) values (11,61,to_date('2023-07-08','YYYY-MM-DD'),937.03,'DebitCredit');
Insert into ECOMMERCE_DB_USER.PAYMENTS (PAYMENTID,ORDERID,PAYMENTDATE,PAYMENTAMOUNT,PAYMENTMETHOD) values (12,15,to_date('2023-07-10','YYYY-MM-DD'),708.81,'DebitCredit');
Insert into ECOMMERCE_DB_USER.PAYMENTS (PAYMENTID,ORDERID,PAYMENTDATE,PAYMENTAMOUNT,PAYMENTMETHOD) values (13,73,to_date('2023-07-03','YYYY-MM-DD'),379.93,'Cash');
Insert into ECOMMERCE_DB_USER.PAYMENTS (PAYMENTID,ORDERID,PAYMENTDATE,PAYMENTAMOUNT,PAYMENTMETHOD) values (14,64,to_date('2023-07-19','YYYY-MM-DD'),479.49,'Cash');
Insert into ECOMMERCE_DB_USER.PAYMENTS (PAYMENTID,ORDERID,PAYMENTDATE,PAYMENTAMOUNT,PAYMENTMETHOD) values (15,41,to_date('2023-07-30','YYYY-MM-DD'),605.39,'Cash');
Insert into ECOMMERCE_DB_USER.PAYMENTS (PAYMENTID,ORDERID,PAYMENTDATE,PAYMENTAMOUNT,PAYMENTMETHOD) values (16,62,to_date('2023-07-14','YYYY-MM-DD'),516.81,'Cash');
Insert into ECOMMERCE_DB_USER.PAYMENTS (PAYMENTID,ORDERID,PAYMENTDATE,PAYMENTAMOUNT,PAYMENTMETHOD) values (17,36,to_date('2023-07-28','YYYY-MM-DD'),468.87,'DebitCredit');
Insert into ECOMMERCE_DB_USER.PAYMENTS (PAYMENTID,ORDERID,PAYMENTDATE,PAYMENTAMOUNT,PAYMENTMETHOD) values (18,37,to_date('2023-07-04','YYYY-MM-DD'),52.29,'DebitCredit');
Insert into ECOMMERCE_DB_USER.PAYMENTS (PAYMENTID,ORDERID,PAYMENTDATE,PAYMENTAMOUNT,PAYMENTMETHOD) values (19,93,to_date('2023-07-10','YYYY-MM-DD'),42.52,'Cash');
Insert into ECOMMERCE_DB_USER.PAYMENTS (PAYMENTID,ORDERID,PAYMENTDATE,PAYMENTAMOUNT,PAYMENTMETHOD) values (20,82,to_date('2023-07-05','YYYY-MM-DD'),76.21,'Cash');
Insert into ECOMMERCE_DB_USER.PAYMENTS (PAYMENTID,ORDERID,PAYMENTDATE,PAYMENTAMOUNT,PAYMENTMETHOD) values (21,36,to_date('2023-07-01','YYYY-MM-DD'),787.55,'Cash');
Insert into ECOMMERCE_DB_USER.PAYMENTS (PAYMENTID,ORDERID,PAYMENTDATE,PAYMENTAMOUNT,PAYMENTMETHOD) values (22,76,to_date('2023-07-16','YYYY-MM-DD'),846.71,'Cash');
Insert into ECOMMERCE_DB_USER.PAYMENTS (PAYMENTID,ORDERID,PAYMENTDATE,PAYMENTAMOUNT,PAYMENTMETHOD) values (23,42,to_date('2023-07-13','YYYY-MM-DD'),876.97,'DebitCredit');
Insert into ECOMMERCE_DB_USER.PAYMENTS (PAYMENTID,ORDERID,PAYMENTDATE,PAYMENTAMOUNT,PAYMENTMETHOD) values (24,25,to_date('2023-07-25','YYYY-MM-DD'),191.88,'Cash');
Insert into ECOMMERCE_DB_USER.PAYMENTS (PAYMENTID,ORDERID,PAYMENTDATE,PAYMENTAMOUNT,PAYMENTMETHOD) values (25,18,to_date('2023-07-12','YYYY-MM-DD'),236.86,'Cash');
Insert into ECOMMERCE_DB_USER.PAYMENTS (PAYMENTID,ORDERID,PAYMENTDATE,PAYMENTAMOUNT,PAYMENTMETHOD) values (26,42,to_date('2023-07-23','YYYY-MM-DD'),755.4,'Cash');
Insert into ECOMMERCE_DB_USER.PAYMENTS (PAYMENTID,ORDERID,PAYMENTDATE,PAYMENTAMOUNT,PAYMENTMETHOD) values (27,38,to_date('2023-07-13','YYYY-MM-DD'),286.69,'DebitCredit');
Insert into ECOMMERCE_DB_USER.PAYMENTS (PAYMENTID,ORDERID,PAYMENTDATE,PAYMENTAMOUNT,PAYMENTMETHOD) values (28,75,to_date('2023-07-17','YYYY-MM-DD'),431.58,'Cash');
Insert into ECOMMERCE_DB_USER.PAYMENTS (PAYMENTID,ORDERID,PAYMENTDATE,PAYMENTAMOUNT,PAYMENTMETHOD) values (29,2,to_date('2023-07-12','YYYY-MM-DD'),363.46,'DebitCredit');
Insert into ECOMMERCE_DB_USER.PAYMENTS (PAYMENTID,ORDERID,PAYMENTDATE,PAYMENTAMOUNT,PAYMENTMETHOD) values (30,93,to_date('2023-07-11','YYYY-MM-DD'),375.84,'Cash');
Insert into ECOMMERCE_DB_USER.PAYMENTS (PAYMENTID,ORDERID,PAYMENTDATE,PAYMENTAMOUNT,PAYMENTMETHOD) values (31,33,to_date('2023-07-11','YYYY-MM-DD'),506.23,'Cash');
Insert into ECOMMERCE_DB_USER.PAYMENTS (PAYMENTID,ORDERID,PAYMENTDATE,PAYMENTAMOUNT,PAYMENTMETHOD) values (32,91,to_date('2023-07-07','YYYY-MM-DD'),457.9,'DebitCredit');
Insert into ECOMMERCE_DB_USER.PAYMENTS (PAYMENTID,ORDERID,PAYMENTDATE,PAYMENTAMOUNT,PAYMENTMETHOD) values (33,70,to_date('2023-07-08','YYYY-MM-DD'),25.3,'DebitCredit');
Insert into ECOMMERCE_DB_USER.PAYMENTS (PAYMENTID,ORDERID,PAYMENTDATE,PAYMENTAMOUNT,PAYMENTMETHOD) values (34,89,to_date('2023-07-25','YYYY-MM-DD'),265.96,'Cash');
Insert into ECOMMERCE_DB_USER.PAYMENTS (PAYMENTID,ORDERID,PAYMENTDATE,PAYMENTAMOUNT,PAYMENTMETHOD) values (35,44,to_date('2023-07-02','YYYY-MM-DD'),80.5,'Cash');
Insert into ECOMMERCE_DB_USER.PAYMENTS (PAYMENTID,ORDERID,PAYMENTDATE,PAYMENTAMOUNT,PAYMENTMETHOD) values (36,5,to_date('2023-07-09','YYYY-MM-DD'),526.74,'DebitCredit');
Insert into ECOMMERCE_DB_USER.PAYMENTS (PAYMENTID,ORDERID,PAYMENTDATE,PAYMENTAMOUNT,PAYMENTMETHOD) values (37,78,to_date('2023-07-07','YYYY-MM-DD'),676.34,'DebitCredit');
Insert into ECOMMERCE_DB_USER.PAYMENTS (PAYMENTID,ORDERID,PAYMENTDATE,PAYMENTAMOUNT,PAYMENTMETHOD) values (38,18,to_date('2023-07-17','YYYY-MM-DD'),741.36,'Cash');
Insert into ECOMMERCE_DB_USER.PAYMENTS (PAYMENTID,ORDERID,PAYMENTDATE,PAYMENTAMOUNT,PAYMENTMETHOD) values (39,74,to_date('2023-07-22','YYYY-MM-DD'),141.85,'DebitCredit');
Insert into ECOMMERCE_DB_USER.PAYMENTS (PAYMENTID,ORDERID,PAYMENTDATE,PAYMENTAMOUNT,PAYMENTMETHOD) values (40,97,to_date('2023-07-07','YYYY-MM-DD'),791.73,'DebitCredit');
Insert into ECOMMERCE_DB_USER.PAYMENTS (PAYMENTID,ORDERID,PAYMENTDATE,PAYMENTAMOUNT,PAYMENTMETHOD) values (41,67,to_date('2023-07-09','YYYY-MM-DD'),701.6,'Cash');
Insert into ECOMMERCE_DB_USER.PAYMENTS (PAYMENTID,ORDERID,PAYMENTDATE,PAYMENTAMOUNT,PAYMENTMETHOD) values (42,36,to_date('2023-07-21','YYYY-MM-DD'),506.31,'DebitCredit');
Insert into ECOMMERCE_DB_USER.PAYMENTS (PAYMENTID,ORDERID,PAYMENTDATE,PAYMENTAMOUNT,PAYMENTMETHOD) values (43,45,to_date('2023-07-13','YYYY-MM-DD'),898.23,'Cash');
Insert into ECOMMERCE_DB_USER.PAYMENTS (PAYMENTID,ORDERID,PAYMENTDATE,PAYMENTAMOUNT,PAYMENTMETHOD) values (44,63,to_date('2023-07-27','YYYY-MM-DD'),221.25,'DebitCredit');
Insert into ECOMMERCE_DB_USER.PAYMENTS (PAYMENTID,ORDERID,PAYMENTDATE,PAYMENTAMOUNT,PAYMENTMETHOD) values (45,57,to_date('2023-07-06','YYYY-MM-DD'),809.61,'DebitCredit');
Insert into ECOMMERCE_DB_USER.PAYMENTS (PAYMENTID,ORDERID,PAYMENTDATE,PAYMENTAMOUNT,PAYMENTMETHOD) values (46,78,to_date('2023-07-06','YYYY-MM-DD'),621.48,'DebitCredit');
Insert into ECOMMERCE_DB_USER.PAYMENTS (PAYMENTID,ORDERID,PAYMENTDATE,PAYMENTAMOUNT,PAYMENTMETHOD) values (47,99,to_date('2023-07-05','YYYY-MM-DD'),578.72,'Cash');
Insert into ECOMMERCE_DB_USER.PAYMENTS (PAYMENTID,ORDERID,PAYMENTDATE,PAYMENTAMOUNT,PAYMENTMETHOD) values (48,3,to_date('2023-07-02','YYYY-MM-DD'),812.01,'DebitCredit');
Insert into ECOMMERCE_DB_USER.PAYMENTS (PAYMENTID,ORDERID,PAYMENTDATE,PAYMENTAMOUNT,PAYMENTMETHOD) values (49,36,to_date('2023-07-24','YYYY-MM-DD'),169.04,'DebitCredit');
Insert into ECOMMERCE_DB_USER.PAYMENTS (PAYMENTID,ORDERID,PAYMENTDATE,PAYMENTAMOUNT,PAYMENTMETHOD) values (50,95,to_date('2023-07-01','YYYY-MM-DD'),895.03,'DebitCredit');
Insert into ECOMMERCE_DB_USER.PAYMENTS (PAYMENTID,ORDERID,PAYMENTDATE,PAYMENTAMOUNT,PAYMENTMETHOD) values (51,66,to_date('2023-07-18','YYYY-MM-DD'),178.29,'Cash');
Insert into ECOMMERCE_DB_USER.PAYMENTS (PAYMENTID,ORDERID,PAYMENTDATE,PAYMENTAMOUNT,PAYMENTMETHOD) values (52,45,to_date('2023-07-29','YYYY-MM-DD'),617.36,'DebitCredit');
Insert into ECOMMERCE_DB_USER.PAYMENTS (PAYMENTID,ORDERID,PAYMENTDATE,PAYMENTAMOUNT,PAYMENTMETHOD) values (53,90,to_date('2023-07-29','YYYY-MM-DD'),435.82,'Cash');
Insert into ECOMMERCE_DB_USER.PAYMENTS (PAYMENTID,ORDERID,PAYMENTDATE,PAYMENTAMOUNT,PAYMENTMETHOD) values (54,40,to_date('2023-07-13','YYYY-MM-DD'),521.01,'Cash');
Insert into ECOMMERCE_DB_USER.PAYMENTS (PAYMENTID,ORDERID,PAYMENTDATE,PAYMENTAMOUNT,PAYMENTMETHOD) values (55,44,to_date('2023-07-09','YYYY-MM-DD'),522.66,'DebitCredit');
Insert into ECOMMERCE_DB_USER.PAYMENTS (PAYMENTID,ORDERID,PAYMENTDATE,PAYMENTAMOUNT,PAYMENTMETHOD) values (56,73,to_date('2023-07-10','YYYY-MM-DD'),567.79,'Cash');
Insert into ECOMMERCE_DB_USER.PAYMENTS (PAYMENTID,ORDERID,PAYMENTDATE,PAYMENTAMOUNT,PAYMENTMETHOD) values (57,20,to_date('2023-07-02','YYYY-MM-DD'),388.92,'Cash');
Insert into ECOMMERCE_DB_USER.PAYMENTS (PAYMENTID,ORDERID,PAYMENTDATE,PAYMENTAMOUNT,PAYMENTMETHOD) values (58,91,to_date('2023-07-04','YYYY-MM-DD'),357.12,'DebitCredit');
Insert into ECOMMERCE_DB_USER.PAYMENTS (PAYMENTID,ORDERID,PAYMENTDATE,PAYMENTAMOUNT,PAYMENTMETHOD) values (59,74,to_date('2023-07-30','YYYY-MM-DD'),898.56,'DebitCredit');
Insert into ECOMMERCE_DB_USER.PAYMENTS (PAYMENTID,ORDERID,PAYMENTDATE,PAYMENTAMOUNT,PAYMENTMETHOD) values (60,15,to_date('2023-07-07','YYYY-MM-DD'),754.04,'Cash');
Insert into ECOMMERCE_DB_USER.PAYMENTS (PAYMENTID,ORDERID,PAYMENTDATE,PAYMENTAMOUNT,PAYMENTMETHOD) values (61,9,to_date('2023-07-01','YYYY-MM-DD'),629.18,'DebitCredit');
Insert into ECOMMERCE_DB_USER.PAYMENTS (PAYMENTID,ORDERID,PAYMENTDATE,PAYMENTAMOUNT,PAYMENTMETHOD) values (62,46,to_date('2023-07-10','YYYY-MM-DD'),770.22,'Cash');
Insert into ECOMMERCE_DB_USER.PAYMENTS (PAYMENTID,ORDERID,PAYMENTDATE,PAYMENTAMOUNT,PAYMENTMETHOD) values (63,5,to_date('2023-07-21','YYYY-MM-DD'),790.71,'Cash');
Insert into ECOMMERCE_DB_USER.PAYMENTS (PAYMENTID,ORDERID,PAYMENTDATE,PAYMENTAMOUNT,PAYMENTMETHOD) values (64,34,to_date('2023-07-14','YYYY-MM-DD'),59.91,'Cash');
Insert into ECOMMERCE_DB_USER.PAYMENTS (PAYMENTID,ORDERID,PAYMENTDATE,PAYMENTAMOUNT,PAYMENTMETHOD) values (65,63,to_date('2023-07-17','YYYY-MM-DD'),393,'DebitCredit');
Insert into ECOMMERCE_DB_USER.PAYMENTS (PAYMENTID,ORDERID,PAYMENTDATE,PAYMENTAMOUNT,PAYMENTMETHOD) values (66,6,to_date('2023-07-29','YYYY-MM-DD'),548.74,'Cash');
Insert into ECOMMERCE_DB_USER.PAYMENTS (PAYMENTID,ORDERID,PAYMENTDATE,PAYMENTAMOUNT,PAYMENTMETHOD) values (67,91,to_date('2023-07-10','YYYY-MM-DD'),979.44,'Cash');
Insert into ECOMMERCE_DB_USER.PAYMENTS (PAYMENTID,ORDERID,PAYMENTDATE,PAYMENTAMOUNT,PAYMENTMETHOD) values (68,64,to_date('2023-07-09','YYYY-MM-DD'),562.5,'Cash');
Insert into ECOMMERCE_DB_USER.PAYMENTS (PAYMENTID,ORDERID,PAYMENTDATE,PAYMENTAMOUNT,PAYMENTMETHOD) values (69,28,to_date('2023-07-05','YYYY-MM-DD'),809.74,'DebitCredit');
Insert into ECOMMERCE_DB_USER.PAYMENTS (PAYMENTID,ORDERID,PAYMENTDATE,PAYMENTAMOUNT,PAYMENTMETHOD) values (70,64,to_date('2023-07-10','YYYY-MM-DD'),618.84,'DebitCredit');
Insert into ECOMMERCE_DB_USER.PAYMENTS (PAYMENTID,ORDERID,PAYMENTDATE,PAYMENTAMOUNT,PAYMENTMETHOD) values (71,73,to_date('2023-07-06','YYYY-MM-DD'),278.79,'DebitCredit');
Insert into ECOMMERCE_DB_USER.PAYMENTS (PAYMENTID,ORDERID,PAYMENTDATE,PAYMENTAMOUNT,PAYMENTMETHOD) values (72,56,to_date('2023-07-13','YYYY-MM-DD'),101.17,'DebitCredit');
Insert into ECOMMERCE_DB_USER.PAYMENTS (PAYMENTID,ORDERID,PAYMENTDATE,PAYMENTAMOUNT,PAYMENTMETHOD) values (73,53,to_date('2023-07-09','YYYY-MM-DD'),588.19,'DebitCredit');
Insert into ECOMMERCE_DB_USER.PAYMENTS (PAYMENTID,ORDERID,PAYMENTDATE,PAYMENTAMOUNT,PAYMENTMETHOD) values (74,20,to_date('2023-07-09','YYYY-MM-DD'),551,'DebitCredit');
Insert into ECOMMERCE_DB_USER.PAYMENTS (PAYMENTID,ORDERID,PAYMENTDATE,PAYMENTAMOUNT,PAYMENTMETHOD) values (75,33,to_date('2023-07-19','YYYY-MM-DD'),961.97,'DebitCredit');
Insert into ECOMMERCE_DB_USER.PAYMENTS (PAYMENTID,ORDERID,PAYMENTDATE,PAYMENTAMOUNT,PAYMENTMETHOD) values (76,59,to_date('2023-07-10','YYYY-MM-DD'),343.19,'DebitCredit');
Insert into ECOMMERCE_DB_USER.PAYMENTS (PAYMENTID,ORDERID,PAYMENTDATE,PAYMENTAMOUNT,PAYMENTMETHOD) values (77,82,to_date('2023-07-18','YYYY-MM-DD'),877.26,'Cash');
Insert into ECOMMERCE_DB_USER.PAYMENTS (PAYMENTID,ORDERID,PAYMENTDATE,PAYMENTAMOUNT,PAYMENTMETHOD) values (78,79,to_date('2023-07-20','YYYY-MM-DD'),108.99,'DebitCredit');
Insert into ECOMMERCE_DB_USER.PAYMENTS (PAYMENTID,ORDERID,PAYMENTDATE,PAYMENTAMOUNT,PAYMENTMETHOD) values (79,72,to_date('2023-07-20','YYYY-MM-DD'),612.99,'Cash');
Insert into ECOMMERCE_DB_USER.PAYMENTS (PAYMENTID,ORDERID,PAYMENTDATE,PAYMENTAMOUNT,PAYMENTMETHOD) values (80,37,to_date('2023-07-20','YYYY-MM-DD'),31.87,'DebitCredit');
Insert into ECOMMERCE_DB_USER.PAYMENTS (PAYMENTID,ORDERID,PAYMENTDATE,PAYMENTAMOUNT,PAYMENTMETHOD) values (81,61,to_date('2023-07-17','YYYY-MM-DD'),745.28,'Cash');
Insert into ECOMMERCE_DB_USER.PAYMENTS (PAYMENTID,ORDERID,PAYMENTDATE,PAYMENTAMOUNT,PAYMENTMETHOD) values (82,56,to_date('2023-07-04','YYYY-MM-DD'),545.81,'Cash');
Insert into ECOMMERCE_DB_USER.PAYMENTS (PAYMENTID,ORDERID,PAYMENTDATE,PAYMENTAMOUNT,PAYMENTMETHOD) values (83,75,to_date('2023-07-24','YYYY-MM-DD'),289.13,'DebitCredit');
Insert into ECOMMERCE_DB_USER.PAYMENTS (PAYMENTID,ORDERID,PAYMENTDATE,PAYMENTAMOUNT,PAYMENTMETHOD) values (84,66,to_date('2023-07-29','YYYY-MM-DD'),565.83,'Cash');
Insert into ECOMMERCE_DB_USER.PAYMENTS (PAYMENTID,ORDERID,PAYMENTDATE,PAYMENTAMOUNT,PAYMENTMETHOD) values (85,77,to_date('2023-07-05','YYYY-MM-DD'),229.77,'DebitCredit');
Insert into ECOMMERCE_DB_USER.PAYMENTS (PAYMENTID,ORDERID,PAYMENTDATE,PAYMENTAMOUNT,PAYMENTMETHOD) values (86,7,to_date('2023-07-06','YYYY-MM-DD'),739.89,'DebitCredit');
Insert into ECOMMERCE_DB_USER.PAYMENTS (PAYMENTID,ORDERID,PAYMENTDATE,PAYMENTAMOUNT,PAYMENTMETHOD) values (87,94,to_date('2023-07-06','YYYY-MM-DD'),828.84,'Cash');
Insert into ECOMMERCE_DB_USER.PAYMENTS (PAYMENTID,ORDERID,PAYMENTDATE,PAYMENTAMOUNT,PAYMENTMETHOD) values (88,93,to_date('2023-07-18','YYYY-MM-DD'),462.54,'Cash');
Insert into ECOMMERCE_DB_USER.PAYMENTS (PAYMENTID,ORDERID,PAYMENTDATE,PAYMENTAMOUNT,PAYMENTMETHOD) values (89,17,to_date('2023-07-22','YYYY-MM-DD'),928.36,'DebitCredit');
Insert into ECOMMERCE_DB_USER.PAYMENTS (PAYMENTID,ORDERID,PAYMENTDATE,PAYMENTAMOUNT,PAYMENTMETHOD) values (90,43,to_date('2023-07-27','YYYY-MM-DD'),931.13,'Cash');
Insert into ECOMMERCE_DB_USER.PAYMENTS (PAYMENTID,ORDERID,PAYMENTDATE,PAYMENTAMOUNT,PAYMENTMETHOD) values (91,37,to_date('2023-07-05','YYYY-MM-DD'),212.2,'DebitCredit');
Insert into ECOMMERCE_DB_USER.PAYMENTS (PAYMENTID,ORDERID,PAYMENTDATE,PAYMENTAMOUNT,PAYMENTMETHOD) values (92,62,to_date('2023-07-20','YYYY-MM-DD'),923.41,'DebitCredit');
Insert into ECOMMERCE_DB_USER.PAYMENTS (PAYMENTID,ORDERID,PAYMENTDATE,PAYMENTAMOUNT,PAYMENTMETHOD) values (93,80,to_date('2023-07-25','YYYY-MM-DD'),978,'DebitCredit');
Insert into ECOMMERCE_DB_USER.PAYMENTS (PAYMENTID,ORDERID,PAYMENTDATE,PAYMENTAMOUNT,PAYMENTMETHOD) values (94,83,to_date('2023-07-23','YYYY-MM-DD'),706.52,'Cash');
Insert into ECOMMERCE_DB_USER.PAYMENTS (PAYMENTID,ORDERID,PAYMENTDATE,PAYMENTAMOUNT,PAYMENTMETHOD) values (95,75,to_date('2023-07-18','YYYY-MM-DD'),400.25,'DebitCredit');
Insert into ECOMMERCE_DB_USER.PAYMENTS (PAYMENTID,ORDERID,PAYMENTDATE,PAYMENTAMOUNT,PAYMENTMETHOD) values (96,67,to_date('2023-07-30','YYYY-MM-DD'),558.69,'Cash');
Insert into ECOMMERCE_DB_USER.PAYMENTS (PAYMENTID,ORDERID,PAYMENTDATE,PAYMENTAMOUNT,PAYMENTMETHOD) values (97,47,to_date('2023-07-07','YYYY-MM-DD'),395.42,'DebitCredit');
Insert into ECOMMERCE_DB_USER.PAYMENTS (PAYMENTID,ORDERID,PAYMENTDATE,PAYMENTAMOUNT,PAYMENTMETHOD) values (98,83,to_date('2023-07-15','YYYY-MM-DD'),136.57,'DebitCredit');
Insert into ECOMMERCE_DB_USER.PAYMENTS (PAYMENTID,ORDERID,PAYMENTDATE,PAYMENTAMOUNT,PAYMENTMETHOD) values (99,31,to_date('2023-07-13','YYYY-MM-DD'),801.57,'Cash');
Insert into ECOMMERCE_DB_USER.PAYMENTS (PAYMENTID,ORDERID,PAYMENTDATE,PAYMENTAMOUNT,PAYMENTMETHOD) values (100,85,to_date('2023-07-20','YYYY-MM-DD'),748.96,'Cash');
commit;
REM INSERTING into ECOMMERCE_DB_USER.PRODUCTS
SET DEFINE OFF;
Insert into ECOMMERCE_DB_USER.PRODUCTS (PRODUCTID,PRODUCTNAME,CATEGORY,DESCRIPTION,PRICE,STOCKQUANTITY) values (114,'Product114','electronics','Description for Product114',125.26,53);
Insert into ECOMMERCE_DB_USER.PRODUCTS (PRODUCTID,PRODUCTNAME,CATEGORY,DESCRIPTION,PRICE,STOCKQUANTITY) values (115,'Product115','home improvement','Description for Product115',413.89,28);
Insert into ECOMMERCE_DB_USER.PRODUCTS (PRODUCTID,PRODUCTNAME,CATEGORY,DESCRIPTION,PRICE,STOCKQUANTITY) values (116,'Product116','electronics','Description for Product116',326.51,23);
Insert into ECOMMERCE_DB_USER.PRODUCTS (PRODUCTID,PRODUCTNAME,CATEGORY,DESCRIPTION,PRICE,STOCKQUANTITY) values (117,'Product117','home improvement','Description for Product117',94.03,15);
Insert into ECOMMERCE_DB_USER.PRODUCTS (PRODUCTID,PRODUCTNAME,CATEGORY,DESCRIPTION,PRICE,STOCKQUANTITY) values (118,'Product118','home improvement','Description for Product118',420.82,81);
Insert into ECOMMERCE_DB_USER.PRODUCTS (PRODUCTID,PRODUCTNAME,CATEGORY,DESCRIPTION,PRICE,STOCKQUANTITY) values (119,'Product119','electronics','Description for Product119',149.14,50);
Insert into ECOMMERCE_DB_USER.PRODUCTS (PRODUCTID,PRODUCTNAME,CATEGORY,DESCRIPTION,PRICE,STOCKQUANTITY) values (120,'Product120','home improvement','Description for Product120',128.38,16);
Insert into ECOMMERCE_DB_USER.PRODUCTS (PRODUCTID,PRODUCTNAME,CATEGORY,DESCRIPTION,PRICE,STOCKQUANTITY) values (121,'Product121','electronics','Description for Product121',396.79,54);
Insert into ECOMMERCE_DB_USER.PRODUCTS (PRODUCTID,PRODUCTNAME,CATEGORY,DESCRIPTION,PRICE,STOCKQUANTITY) values (122,'Product122','home appliances','Description for Product122',423.58,88);
Insert into ECOMMERCE_DB_USER.PRODUCTS (PRODUCTID,PRODUCTNAME,CATEGORY,DESCRIPTION,PRICE,STOCKQUANTITY) values (123,'Product123','home improvement','Description for Product123',316.64,68);
Insert into ECOMMERCE_DB_USER.PRODUCTS (PRODUCTID,PRODUCTNAME,CATEGORY,DESCRIPTION,PRICE,STOCKQUANTITY) values (124,'Product124','clothing','Description for Product124',480.77,31);
Insert into ECOMMERCE_DB_USER.PRODUCTS (PRODUCTID,PRODUCTNAME,CATEGORY,DESCRIPTION,PRICE,STOCKQUANTITY) values (125,'Product125','home improvement','Description for Product125',316.39,55);
Insert into ECOMMERCE_DB_USER.PRODUCTS (PRODUCTID,PRODUCTNAME,CATEGORY,DESCRIPTION,PRICE,STOCKQUANTITY) values (126,'Product126','clothing','Description for Product126',290.2,85);
Insert into ECOMMERCE_DB_USER.PRODUCTS (PRODUCTID,PRODUCTNAME,CATEGORY,DESCRIPTION,PRICE,STOCKQUANTITY) values (127,'Product127','electronics','Description for Product127',364.7,83);
Insert into ECOMMERCE_DB_USER.PRODUCTS (PRODUCTID,PRODUCTNAME,CATEGORY,DESCRIPTION,PRICE,STOCKQUANTITY) values (128,'Product128','clothing','Description for Product128',57.63,4);
Insert into ECOMMERCE_DB_USER.PRODUCTS (PRODUCTID,PRODUCTNAME,CATEGORY,DESCRIPTION,PRICE,STOCKQUANTITY) values (129,'Product129','outdoor','Description for Product129',282.85,84);
Insert into ECOMMERCE_DB_USER.PRODUCTS (PRODUCTID,PRODUCTNAME,CATEGORY,DESCRIPTION,PRICE,STOCKQUANTITY) values (130,'Product130','electronics','Description for Product130',112.86,61);
Insert into ECOMMERCE_DB_USER.PRODUCTS (PRODUCTID,PRODUCTNAME,CATEGORY,DESCRIPTION,PRICE,STOCKQUANTITY) values (131,'Product131','electronics','Description for Product131',429.53,16);
Insert into ECOMMERCE_DB_USER.PRODUCTS (PRODUCTID,PRODUCTNAME,CATEGORY,DESCRIPTION,PRICE,STOCKQUANTITY) values (132,'Product132','home improvement','Description for Product132',185.11,8);
Insert into ECOMMERCE_DB_USER.PRODUCTS (PRODUCTID,PRODUCTNAME,CATEGORY,DESCRIPTION,PRICE,STOCKQUANTITY) values (133,'Product133','clothing','Description for Product133',165.03,45);
Insert into ECOMMERCE_DB_USER.PRODUCTS (PRODUCTID,PRODUCTNAME,CATEGORY,DESCRIPTION,PRICE,STOCKQUANTITY) values (134,'Product134','home appliances','Description for Product134',452.3,61);
Insert into ECOMMERCE_DB_USER.PRODUCTS (PRODUCTID,PRODUCTNAME,CATEGORY,DESCRIPTION,PRICE,STOCKQUANTITY) values (135,'Product135','clothing','Description for Product135',77.7,79);
Insert into ECOMMERCE_DB_USER.PRODUCTS (PRODUCTID,PRODUCTNAME,CATEGORY,DESCRIPTION,PRICE,STOCKQUANTITY) values (136,'Product136','outdoor','Description for Product136',346.42,41);
Insert into ECOMMERCE_DB_USER.PRODUCTS (PRODUCTID,PRODUCTNAME,CATEGORY,DESCRIPTION,PRICE,STOCKQUANTITY) values (137,'Product137','outdoor','Description for Product137',243.48,1);
Insert into ECOMMERCE_DB_USER.PRODUCTS (PRODUCTID,PRODUCTNAME,CATEGORY,DESCRIPTION,PRICE,STOCKQUANTITY) values (138,'Product138','electronics','Description for Product138',317,34);
Insert into ECOMMERCE_DB_USER.PRODUCTS (PRODUCTID,PRODUCTNAME,CATEGORY,DESCRIPTION,PRICE,STOCKQUANTITY) values (139,'Product139','home improvement','Description for Product139',28.74,35);
Insert into ECOMMERCE_DB_USER.PRODUCTS (PRODUCTID,PRODUCTNAME,CATEGORY,DESCRIPTION,PRICE,STOCKQUANTITY) values (140,'Product140','electronics','Description for Product140',157.73,6);
Insert into ECOMMERCE_DB_USER.PRODUCTS (PRODUCTID,PRODUCTNAME,CATEGORY,DESCRIPTION,PRICE,STOCKQUANTITY) values (141,'Product141','clothing','Description for Product141',210.55,48);
Insert into ECOMMERCE_DB_USER.PRODUCTS (PRODUCTID,PRODUCTNAME,CATEGORY,DESCRIPTION,PRICE,STOCKQUANTITY) values (142,'Product142','home appliances','Description for Product142',315,32);
Insert into ECOMMERCE_DB_USER.PRODUCTS (PRODUCTID,PRODUCTNAME,CATEGORY,DESCRIPTION,PRICE,STOCKQUANTITY) values (143,'Product143','electronics','Description for Product143',271.93,94);
Insert into ECOMMERCE_DB_USER.PRODUCTS (PRODUCTID,PRODUCTNAME,CATEGORY,DESCRIPTION,PRICE,STOCKQUANTITY) values (144,'Product144','home improvement','Description for Product144',254.02,47);
Insert into ECOMMERCE_DB_USER.PRODUCTS (PRODUCTID,PRODUCTNAME,CATEGORY,DESCRIPTION,PRICE,STOCKQUANTITY) values (145,'Product145','clothing','Description for Product145',376.63,86);
Insert into ECOMMERCE_DB_USER.PRODUCTS (PRODUCTID,PRODUCTNAME,CATEGORY,DESCRIPTION,PRICE,STOCKQUANTITY) values (146,'Product146','outdoor','Description for Product146',156.29,78);
Insert into ECOMMERCE_DB_USER.PRODUCTS (PRODUCTID,PRODUCTNAME,CATEGORY,DESCRIPTION,PRICE,STOCKQUANTITY) values (147,'Product147','clothing','Description for Product147',192.37,4);
Insert into ECOMMERCE_DB_USER.PRODUCTS (PRODUCTID,PRODUCTNAME,CATEGORY,DESCRIPTION,PRICE,STOCKQUANTITY) values (148,'Product148','home appliances','Description for Product148',327.66,83);
Insert into ECOMMERCE_DB_USER.PRODUCTS (PRODUCTID,PRODUCTNAME,CATEGORY,DESCRIPTION,PRICE,STOCKQUANTITY) values (149,'Product149','home appliances','Description for Product149',210.44,89);
Insert into ECOMMERCE_DB_USER.PRODUCTS (PRODUCTID,PRODUCTNAME,CATEGORY,DESCRIPTION,PRICE,STOCKQUANTITY) values (150,'Product150','clothing','Description for Product150',240.99,66);
Insert into ECOMMERCE_DB_USER.PRODUCTS (PRODUCTID,PRODUCTNAME,CATEGORY,DESCRIPTION,PRICE,STOCKQUANTITY) values (151,'Product151','home improvement','Description for Product151',452.99,72);
Insert into ECOMMERCE_DB_USER.PRODUCTS (PRODUCTID,PRODUCTNAME,CATEGORY,DESCRIPTION,PRICE,STOCKQUANTITY) values (152,'Product152','home appliances','Description for Product152',398.81,52);
Insert into ECOMMERCE_DB_USER.PRODUCTS (PRODUCTID,PRODUCTNAME,CATEGORY,DESCRIPTION,PRICE,STOCKQUANTITY) values (153,'Product153','home appliances','Description for Product153',462.5,67);
Insert into ECOMMERCE_DB_USER.PRODUCTS (PRODUCTID,PRODUCTNAME,CATEGORY,DESCRIPTION,PRICE,STOCKQUANTITY) values (154,'Product154','outdoor','Description for Product154',355.13,19);
Insert into ECOMMERCE_DB_USER.PRODUCTS (PRODUCTID,PRODUCTNAME,CATEGORY,DESCRIPTION,PRICE,STOCKQUANTITY) values (155,'Product155','home appliances','Description for Product155',77.22,23);
Insert into ECOMMERCE_DB_USER.PRODUCTS (PRODUCTID,PRODUCTNAME,CATEGORY,DESCRIPTION,PRICE,STOCKQUANTITY) values (156,'Product156','home appliances','Description for Product156',484.18,92);
Insert into ECOMMERCE_DB_USER.PRODUCTS (PRODUCTID,PRODUCTNAME,CATEGORY,DESCRIPTION,PRICE,STOCKQUANTITY) values (157,'Product157','home improvement','Description for Product157',322.7,41);
Insert into ECOMMERCE_DB_USER.PRODUCTS (PRODUCTID,PRODUCTNAME,CATEGORY,DESCRIPTION,PRICE,STOCKQUANTITY) values (158,'Product158','electronics','Description for Product158',123.61,95);
Insert into ECOMMERCE_DB_USER.PRODUCTS (PRODUCTID,PRODUCTNAME,CATEGORY,DESCRIPTION,PRICE,STOCKQUANTITY) values (159,'Product159','home appliances','Description for Product159',225.09,82);
Insert into ECOMMERCE_DB_USER.PRODUCTS (PRODUCTID,PRODUCTNAME,CATEGORY,DESCRIPTION,PRICE,STOCKQUANTITY) values (160,'Product160','electronics','Description for Product160',177.35,10);
Insert into ECOMMERCE_DB_USER.PRODUCTS (PRODUCTID,PRODUCTNAME,CATEGORY,DESCRIPTION,PRICE,STOCKQUANTITY) values (161,'Product161','home appliances','Description for Product161',264.91,44);
Insert into ECOMMERCE_DB_USER.PRODUCTS (PRODUCTID,PRODUCTNAME,CATEGORY,DESCRIPTION,PRICE,STOCKQUANTITY) values (162,'Product162','outdoor','Description for Product162',469.1,29);
Insert into ECOMMERCE_DB_USER.PRODUCTS (PRODUCTID,PRODUCTNAME,CATEGORY,DESCRIPTION,PRICE,STOCKQUANTITY) values (163,'Product163','home appliances','Description for Product163',200.02,67);
Insert into ECOMMERCE_DB_USER.PRODUCTS (PRODUCTID,PRODUCTNAME,CATEGORY,DESCRIPTION,PRICE,STOCKQUANTITY) values (164,'Product164','clothing','Description for Product164',192.21,1);
Insert into ECOMMERCE_DB_USER.PRODUCTS (PRODUCTID,PRODUCTNAME,CATEGORY,DESCRIPTION,PRICE,STOCKQUANTITY) values (165,'Product165','home appliances','Description for Product165',172.52,51);
Insert into ECOMMERCE_DB_USER.PRODUCTS (PRODUCTID,PRODUCTNAME,CATEGORY,DESCRIPTION,PRICE,STOCKQUANTITY) values (166,'Product166','electronics','Description for Product166',362.8,61);
Insert into ECOMMERCE_DB_USER.PRODUCTS (PRODUCTID,PRODUCTNAME,CATEGORY,DESCRIPTION,PRICE,STOCKQUANTITY) values (167,'Product167','outdoor','Description for Product167',43.83,5);
Insert into ECOMMERCE_DB_USER.PRODUCTS (PRODUCTID,PRODUCTNAME,CATEGORY,DESCRIPTION,PRICE,STOCKQUANTITY) values (168,'Product168','electronics','Description for Product168',442.92,70);
Insert into ECOMMERCE_DB_USER.PRODUCTS (PRODUCTID,PRODUCTNAME,CATEGORY,DESCRIPTION,PRICE,STOCKQUANTITY) values (169,'Product169','outdoor','Description for Product169',21.62,34);
Insert into ECOMMERCE_DB_USER.PRODUCTS (PRODUCTID,PRODUCTNAME,CATEGORY,DESCRIPTION,PRICE,STOCKQUANTITY) values (170,'Product170','clothing','Description for Product170',161.16,14);
Insert into ECOMMERCE_DB_USER.PRODUCTS (PRODUCTID,PRODUCTNAME,CATEGORY,DESCRIPTION,PRICE,STOCKQUANTITY) values (171,'Product171','outdoor','Description for Product171',451.92,44);
Insert into ECOMMERCE_DB_USER.PRODUCTS (PRODUCTID,PRODUCTNAME,CATEGORY,DESCRIPTION,PRICE,STOCKQUANTITY) values (172,'Product172','home improvement','Description for Product172',208.88,64);
Insert into ECOMMERCE_DB_USER.PRODUCTS (PRODUCTID,PRODUCTNAME,CATEGORY,DESCRIPTION,PRICE,STOCKQUANTITY) values (173,'Product173','clothing','Description for Product173',443.38,52);
Insert into ECOMMERCE_DB_USER.PRODUCTS (PRODUCTID,PRODUCTNAME,CATEGORY,DESCRIPTION,PRICE,STOCKQUANTITY) values (174,'Product174','home appliances','Description for Product174',208.3,34);
Insert into ECOMMERCE_DB_USER.PRODUCTS (PRODUCTID,PRODUCTNAME,CATEGORY,DESCRIPTION,PRICE,STOCKQUANTITY) values (175,'Product175','home appliances','Description for Product175',54.59,97);
Insert into ECOMMERCE_DB_USER.PRODUCTS (PRODUCTID,PRODUCTNAME,CATEGORY,DESCRIPTION,PRICE,STOCKQUANTITY) values (176,'Product176','home appliances','Description for Product176',322.45,95);
Insert into ECOMMERCE_DB_USER.PRODUCTS (PRODUCTID,PRODUCTNAME,CATEGORY,DESCRIPTION,PRICE,STOCKQUANTITY) values (177,'Product177','clothing','Description for Product177',329.49,51);
Insert into ECOMMERCE_DB_USER.PRODUCTS (PRODUCTID,PRODUCTNAME,CATEGORY,DESCRIPTION,PRICE,STOCKQUANTITY) values (178,'Product178','home appliances','Description for Product178',343.85,23);
Insert into ECOMMERCE_DB_USER.PRODUCTS (PRODUCTID,PRODUCTNAME,CATEGORY,DESCRIPTION,PRICE,STOCKQUANTITY) values (179,'Product179','outdoor','Description for Product179',296.99,54);
Insert into ECOMMERCE_DB_USER.PRODUCTS (PRODUCTID,PRODUCTNAME,CATEGORY,DESCRIPTION,PRICE,STOCKQUANTITY) values (180,'Product180','outdoor','Description for Product180',113.61,25);
Insert into ECOMMERCE_DB_USER.PRODUCTS (PRODUCTID,PRODUCTNAME,CATEGORY,DESCRIPTION,PRICE,STOCKQUANTITY) values (181,'Product181','clothing','Description for Product181',313.14,29);
Insert into ECOMMERCE_DB_USER.PRODUCTS (PRODUCTID,PRODUCTNAME,CATEGORY,DESCRIPTION,PRICE,STOCKQUANTITY) values (182,'Product182','home improvement','Description for Product182',326.61,77);
Insert into ECOMMERCE_DB_USER.PRODUCTS (PRODUCTID,PRODUCTNAME,CATEGORY,DESCRIPTION,PRICE,STOCKQUANTITY) values (183,'Product183','outdoor','Description for Product183',227.78,22);
Insert into ECOMMERCE_DB_USER.PRODUCTS (PRODUCTID,PRODUCTNAME,CATEGORY,DESCRIPTION,PRICE,STOCKQUANTITY) values (184,'Product184','home improvement','Description for Product184',85.7,13);
Insert into ECOMMERCE_DB_USER.PRODUCTS (PRODUCTID,PRODUCTNAME,CATEGORY,DESCRIPTION,PRICE,STOCKQUANTITY) values (185,'Product185','home appliances','Description for Product185',347.9,16);
Insert into ECOMMERCE_DB_USER.PRODUCTS (PRODUCTID,PRODUCTNAME,CATEGORY,DESCRIPTION,PRICE,STOCKQUANTITY) values (186,'Product186','home improvement','Description for Product186',120.13,52);
Insert into ECOMMERCE_DB_USER.PRODUCTS (PRODUCTID,PRODUCTNAME,CATEGORY,DESCRIPTION,PRICE,STOCKQUANTITY) values (187,'Product187','outdoor','Description for Product187',95.49,67);
Insert into ECOMMERCE_DB_USER.PRODUCTS (PRODUCTID,PRODUCTNAME,CATEGORY,DESCRIPTION,PRICE,STOCKQUANTITY) values (188,'Product188','home appliances','Description for Product188',210.74,98);
Insert into ECOMMERCE_DB_USER.PRODUCTS (PRODUCTID,PRODUCTNAME,CATEGORY,DESCRIPTION,PRICE,STOCKQUANTITY) values (189,'Product189','electronics','Description for Product189',213.91,49);
Insert into ECOMMERCE_DB_USER.PRODUCTS (PRODUCTID,PRODUCTNAME,CATEGORY,DESCRIPTION,PRICE,STOCKQUANTITY) values (190,'Product190','home appliances','Description for Product190',447.58,62);
Insert into ECOMMERCE_DB_USER.PRODUCTS (PRODUCTID,PRODUCTNAME,CATEGORY,DESCRIPTION,PRICE,STOCKQUANTITY) values (191,'Product191','home appliances','Description for Product191',452.28,50);
Insert into ECOMMERCE_DB_USER.PRODUCTS (PRODUCTID,PRODUCTNAME,CATEGORY,DESCRIPTION,PRICE,STOCKQUANTITY) values (192,'Product192','home appliances','Description for Product192',15.81,6);
Insert into ECOMMERCE_DB_USER.PRODUCTS (PRODUCTID,PRODUCTNAME,CATEGORY,DESCRIPTION,PRICE,STOCKQUANTITY) values (193,'Product193','home improvement','Description for Product193',290.39,54);
Insert into ECOMMERCE_DB_USER.PRODUCTS (PRODUCTID,PRODUCTNAME,CATEGORY,DESCRIPTION,PRICE,STOCKQUANTITY) values (194,'Product194','home improvement','Description for Product194',477.59,79);
Insert into ECOMMERCE_DB_USER.PRODUCTS (PRODUCTID,PRODUCTNAME,CATEGORY,DESCRIPTION,PRICE,STOCKQUANTITY) values (195,'Product195','home improvement','Description for Product195',265.5,34);
Insert into ECOMMERCE_DB_USER.PRODUCTS (PRODUCTID,PRODUCTNAME,CATEGORY,DESCRIPTION,PRICE,STOCKQUANTITY) values (196,'Product196','outdoor','Description for Product196',442.52,90);
Insert into ECOMMERCE_DB_USER.PRODUCTS (PRODUCTID,PRODUCTNAME,CATEGORY,DESCRIPTION,PRICE,STOCKQUANTITY) values (197,'Product197','outdoor','Description for Product197',231.62,76);
Insert into ECOMMERCE_DB_USER.PRODUCTS (PRODUCTID,PRODUCTNAME,CATEGORY,DESCRIPTION,PRICE,STOCKQUANTITY) values (198,'Product198','electronics','Description for Product198',320.04,62);
Insert into ECOMMERCE_DB_USER.PRODUCTS (PRODUCTID,PRODUCTNAME,CATEGORY,DESCRIPTION,PRICE,STOCKQUANTITY) values (199,'Product199','electronics','Description for Product199',395.46,4);
Insert into ECOMMERCE_DB_USER.PRODUCTS (PRODUCTID,PRODUCTNAME,CATEGORY,DESCRIPTION,PRICE,STOCKQUANTITY) values (200,'Product200','outdoor','Description for Product200',60.52,54);
Insert into ECOMMERCE_DB_USER.PRODUCTS (PRODUCTID,PRODUCTNAME,CATEGORY,DESCRIPTION,PRICE,STOCKQUANTITY) values (1,'Product1','home improvement','Description for Product1',360.27,60);
Insert into ECOMMERCE_DB_USER.PRODUCTS (PRODUCTID,PRODUCTNAME,CATEGORY,DESCRIPTION,PRICE,STOCKQUANTITY) values (2,'Product2','clothing','Description for Product2',343.96,73);
Insert into ECOMMERCE_DB_USER.PRODUCTS (PRODUCTID,PRODUCTNAME,CATEGORY,DESCRIPTION,PRICE,STOCKQUANTITY) values (3,'Product3','home appliances','Description for Product3',169.41,80);
Insert into ECOMMERCE_DB_USER.PRODUCTS (PRODUCTID,PRODUCTNAME,CATEGORY,DESCRIPTION,PRICE,STOCKQUANTITY) values (4,'Product4','outdoor','Description for Product4',16.22,27);
Insert into ECOMMERCE_DB_USER.PRODUCTS (PRODUCTID,PRODUCTNAME,CATEGORY,DESCRIPTION,PRICE,STOCKQUANTITY) values (5,'Product5','home appliances','Description for Product5',492.8,83);
Insert into ECOMMERCE_DB_USER.PRODUCTS (PRODUCTID,PRODUCTNAME,CATEGORY,DESCRIPTION,PRICE,STOCKQUANTITY) values (6,'Product6','electronics','Description for Product6',310.89,75);
Insert into ECOMMERCE_DB_USER.PRODUCTS (PRODUCTID,PRODUCTNAME,CATEGORY,DESCRIPTION,PRICE,STOCKQUANTITY) values (7,'Product7','home improvement','Description for Product7',100.54,5);
Insert into ECOMMERCE_DB_USER.PRODUCTS (PRODUCTID,PRODUCTNAME,CATEGORY,DESCRIPTION,PRICE,STOCKQUANTITY) values (8,'Product8','outdoor','Description for Product8',394.95,57);
Insert into ECOMMERCE_DB_USER.PRODUCTS (PRODUCTID,PRODUCTNAME,CATEGORY,DESCRIPTION,PRICE,STOCKQUANTITY) values (9,'Product9','home appliances','Description for Product9',351.02,31);
Insert into ECOMMERCE_DB_USER.PRODUCTS (PRODUCTID,PRODUCTNAME,CATEGORY,DESCRIPTION,PRICE,STOCKQUANTITY) values (10,'Product10','clothing','Description for Product10',322.99,3);
Insert into ECOMMERCE_DB_USER.PRODUCTS (PRODUCTID,PRODUCTNAME,CATEGORY,DESCRIPTION,PRICE,STOCKQUANTITY) values (11,'Product11','outdoor','Description for Product11',144.24,32);
Insert into ECOMMERCE_DB_USER.PRODUCTS (PRODUCTID,PRODUCTNAME,CATEGORY,DESCRIPTION,PRICE,STOCKQUANTITY) values (12,'Product12','outdoor','Description for Product12',425.59,98);
Insert into ECOMMERCE_DB_USER.PRODUCTS (PRODUCTID,PRODUCTNAME,CATEGORY,DESCRIPTION,PRICE,STOCKQUANTITY) values (13,'Product13','electronics','Description for Product13',60.12,22);
commit;
Insert into ECOMMERCE_DB_USER.PRODUCTS (PRODUCTID,PRODUCTNAME,CATEGORY,DESCRIPTION,PRICE,STOCKQUANTITY) values (14,'Product14','outdoor','Description for Product14',449.38,81);
Insert into ECOMMERCE_DB_USER.PRODUCTS (PRODUCTID,PRODUCTNAME,CATEGORY,DESCRIPTION,PRICE,STOCKQUANTITY) values (15,'Product15','electronics','Description for Product15',75.36,2);
Insert into ECOMMERCE_DB_USER.PRODUCTS (PRODUCTID,PRODUCTNAME,CATEGORY,DESCRIPTION,PRICE,STOCKQUANTITY) values (16,'Product16','electronics','Description for Product16',170.76,83);
Insert into ECOMMERCE_DB_USER.PRODUCTS (PRODUCTID,PRODUCTNAME,CATEGORY,DESCRIPTION,PRICE,STOCKQUANTITY) values (17,'Product17','outdoor','Description for Product17',300.99,10);
Insert into ECOMMERCE_DB_USER.PRODUCTS (PRODUCTID,PRODUCTNAME,CATEGORY,DESCRIPTION,PRICE,STOCKQUANTITY) values (18,'Product18','electronics','Description for Product18',92.77,38);
Insert into ECOMMERCE_DB_USER.PRODUCTS (PRODUCTID,PRODUCTNAME,CATEGORY,DESCRIPTION,PRICE,STOCKQUANTITY) values (19,'Product19','outdoor','Description for Product19',458.97,41);
Insert into ECOMMERCE_DB_USER.PRODUCTS (PRODUCTID,PRODUCTNAME,CATEGORY,DESCRIPTION,PRICE,STOCKQUANTITY) values (20,'Product20','home appliances','Description for Product20',32.87,32);
Insert into ECOMMERCE_DB_USER.PRODUCTS (PRODUCTID,PRODUCTNAME,CATEGORY,DESCRIPTION,PRICE,STOCKQUANTITY) values (21,'Product21','outdoor','Description for Product21',301.51,60);
Insert into ECOMMERCE_DB_USER.PRODUCTS (PRODUCTID,PRODUCTNAME,CATEGORY,DESCRIPTION,PRICE,STOCKQUANTITY) values (22,'Product22','home improvement','Description for Product22',235.04,86);
Insert into ECOMMERCE_DB_USER.PRODUCTS (PRODUCTID,PRODUCTNAME,CATEGORY,DESCRIPTION,PRICE,STOCKQUANTITY) values (23,'Product23','electronics','Description for Product23',167.14,9);
Insert into ECOMMERCE_DB_USER.PRODUCTS (PRODUCTID,PRODUCTNAME,CATEGORY,DESCRIPTION,PRICE,STOCKQUANTITY) values (24,'Product24','home improvement','Description for Product24',414.99,51);
Insert into ECOMMERCE_DB_USER.PRODUCTS (PRODUCTID,PRODUCTNAME,CATEGORY,DESCRIPTION,PRICE,STOCKQUANTITY) values (25,'Product25','clothing','Description for Product25',151.3,32);
Insert into ECOMMERCE_DB_USER.PRODUCTS (PRODUCTID,PRODUCTNAME,CATEGORY,DESCRIPTION,PRICE,STOCKQUANTITY) values (26,'Product26','home improvement','Description for Product26',30.24,12);
Insert into ECOMMERCE_DB_USER.PRODUCTS (PRODUCTID,PRODUCTNAME,CATEGORY,DESCRIPTION,PRICE,STOCKQUANTITY) values (27,'Product27','clothing','Description for Product27',282.49,29);
Insert into ECOMMERCE_DB_USER.PRODUCTS (PRODUCTID,PRODUCTNAME,CATEGORY,DESCRIPTION,PRICE,STOCKQUANTITY) values (28,'Product28','clothing','Description for Product28',425.79,80);
Insert into ECOMMERCE_DB_USER.PRODUCTS (PRODUCTID,PRODUCTNAME,CATEGORY,DESCRIPTION,PRICE,STOCKQUANTITY) values (29,'Product29','clothing','Description for Product29',203.97,19);
Insert into ECOMMERCE_DB_USER.PRODUCTS (PRODUCTID,PRODUCTNAME,CATEGORY,DESCRIPTION,PRICE,STOCKQUANTITY) values (30,'Product30','outdoor','Description for Product30',303.4,89);
Insert into ECOMMERCE_DB_USER.PRODUCTS (PRODUCTID,PRODUCTNAME,CATEGORY,DESCRIPTION,PRICE,STOCKQUANTITY) values (31,'Product31','electronics','Description for Product31',54.3,70);
Insert into ECOMMERCE_DB_USER.PRODUCTS (PRODUCTID,PRODUCTNAME,CATEGORY,DESCRIPTION,PRICE,STOCKQUANTITY) values (32,'Product32','home appliances','Description for Product32',367.93,36);
Insert into ECOMMERCE_DB_USER.PRODUCTS (PRODUCTID,PRODUCTNAME,CATEGORY,DESCRIPTION,PRICE,STOCKQUANTITY) values (33,'Product33','outdoor','Description for Product33',246.42,45);
Insert into ECOMMERCE_DB_USER.PRODUCTS (PRODUCTID,PRODUCTNAME,CATEGORY,DESCRIPTION,PRICE,STOCKQUANTITY) values (34,'Product34','home improvement','Description for Product34',229.14,16);
Insert into ECOMMERCE_DB_USER.PRODUCTS (PRODUCTID,PRODUCTNAME,CATEGORY,DESCRIPTION,PRICE,STOCKQUANTITY) values (35,'Product35','electronics','Description for Product35',127.94,88);
Insert into ECOMMERCE_DB_USER.PRODUCTS (PRODUCTID,PRODUCTNAME,CATEGORY,DESCRIPTION,PRICE,STOCKQUANTITY) values (36,'Product36','clothing','Description for Product36',226.53,21);
Insert into ECOMMERCE_DB_USER.PRODUCTS (PRODUCTID,PRODUCTNAME,CATEGORY,DESCRIPTION,PRICE,STOCKQUANTITY) values (37,'Product37','clothing','Description for Product37',65.05,47);
Insert into ECOMMERCE_DB_USER.PRODUCTS (PRODUCTID,PRODUCTNAME,CATEGORY,DESCRIPTION,PRICE,STOCKQUANTITY) values (38,'Product38','outdoor','Description for Product38',162.35,89);
Insert into ECOMMERCE_DB_USER.PRODUCTS (PRODUCTID,PRODUCTNAME,CATEGORY,DESCRIPTION,PRICE,STOCKQUANTITY) values (39,'Product39','home improvement','Description for Product39',89.72,99);
Insert into ECOMMERCE_DB_USER.PRODUCTS (PRODUCTID,PRODUCTNAME,CATEGORY,DESCRIPTION,PRICE,STOCKQUANTITY) values (40,'Product40','outdoor','Description for Product40',422.84,6);
Insert into ECOMMERCE_DB_USER.PRODUCTS (PRODUCTID,PRODUCTNAME,CATEGORY,DESCRIPTION,PRICE,STOCKQUANTITY) values (41,'Product41','outdoor','Description for Product41',281.29,41);
Insert into ECOMMERCE_DB_USER.PRODUCTS (PRODUCTID,PRODUCTNAME,CATEGORY,DESCRIPTION,PRICE,STOCKQUANTITY) values (42,'Product42','outdoor','Description for Product42',432.93,56);
Insert into ECOMMERCE_DB_USER.PRODUCTS (PRODUCTID,PRODUCTNAME,CATEGORY,DESCRIPTION,PRICE,STOCKQUANTITY) values (43,'Product43','home appliances','Description for Product43',131.72,77);
Insert into ECOMMERCE_DB_USER.PRODUCTS (PRODUCTID,PRODUCTNAME,CATEGORY,DESCRIPTION,PRICE,STOCKQUANTITY) values (44,'Product44','outdoor','Description for Product44',87.63,49);
Insert into ECOMMERCE_DB_USER.PRODUCTS (PRODUCTID,PRODUCTNAME,CATEGORY,DESCRIPTION,PRICE,STOCKQUANTITY) values (45,'Product45','electronics','Description for Product45',376.39,79);
Insert into ECOMMERCE_DB_USER.PRODUCTS (PRODUCTID,PRODUCTNAME,CATEGORY,DESCRIPTION,PRICE,STOCKQUANTITY) values (46,'Product46','home improvement','Description for Product46',412.92,29);
Insert into ECOMMERCE_DB_USER.PRODUCTS (PRODUCTID,PRODUCTNAME,CATEGORY,DESCRIPTION,PRICE,STOCKQUANTITY) values (47,'Product47','home improvement','Description for Product47',448.24,51);
Insert into ECOMMERCE_DB_USER.PRODUCTS (PRODUCTID,PRODUCTNAME,CATEGORY,DESCRIPTION,PRICE,STOCKQUANTITY) values (48,'Product48','outdoor','Description for Product48',219.57,91);
Insert into ECOMMERCE_DB_USER.PRODUCTS (PRODUCTID,PRODUCTNAME,CATEGORY,DESCRIPTION,PRICE,STOCKQUANTITY) values (49,'Product49','outdoor','Description for Product49',222.23,26);
Insert into ECOMMERCE_DB_USER.PRODUCTS (PRODUCTID,PRODUCTNAME,CATEGORY,DESCRIPTION,PRICE,STOCKQUANTITY) values (50,'Product50','outdoor','Description for Product50',306.1,57);
Insert into ECOMMERCE_DB_USER.PRODUCTS (PRODUCTID,PRODUCTNAME,CATEGORY,DESCRIPTION,PRICE,STOCKQUANTITY) values (51,'Product51','clothing','Description for Product51',221.51,4);
Insert into ECOMMERCE_DB_USER.PRODUCTS (PRODUCTID,PRODUCTNAME,CATEGORY,DESCRIPTION,PRICE,STOCKQUANTITY) values (52,'Product52','home appliances','Description for Product52',442.85,31);
Insert into ECOMMERCE_DB_USER.PRODUCTS (PRODUCTID,PRODUCTNAME,CATEGORY,DESCRIPTION,PRICE,STOCKQUANTITY) values (53,'Product53','outdoor','Description for Product53',113.85,49);
Insert into ECOMMERCE_DB_USER.PRODUCTS (PRODUCTID,PRODUCTNAME,CATEGORY,DESCRIPTION,PRICE,STOCKQUANTITY) values (54,'Product54','outdoor','Description for Product54',102.8,60);
Insert into ECOMMERCE_DB_USER.PRODUCTS (PRODUCTID,PRODUCTNAME,CATEGORY,DESCRIPTION,PRICE,STOCKQUANTITY) values (55,'Product55','outdoor','Description for Product55',382.52,86);
Insert into ECOMMERCE_DB_USER.PRODUCTS (PRODUCTID,PRODUCTNAME,CATEGORY,DESCRIPTION,PRICE,STOCKQUANTITY) values (56,'Product56','electronics','Description for Product56',437.61,14);
Insert into ECOMMERCE_DB_USER.PRODUCTS (PRODUCTID,PRODUCTNAME,CATEGORY,DESCRIPTION,PRICE,STOCKQUANTITY) values (57,'Product57','home improvement','Description for Product57',81.51,6);
Insert into ECOMMERCE_DB_USER.PRODUCTS (PRODUCTID,PRODUCTNAME,CATEGORY,DESCRIPTION,PRICE,STOCKQUANTITY) values (58,'Product58','clothing','Description for Product58',231.57,27);
Insert into ECOMMERCE_DB_USER.PRODUCTS (PRODUCTID,PRODUCTNAME,CATEGORY,DESCRIPTION,PRICE,STOCKQUANTITY) values (59,'Product59','home appliances','Description for Product59',277.4,98);
Insert into ECOMMERCE_DB_USER.PRODUCTS (PRODUCTID,PRODUCTNAME,CATEGORY,DESCRIPTION,PRICE,STOCKQUANTITY) values (60,'Product60','outdoor','Description for Product60',241.7,47);
Insert into ECOMMERCE_DB_USER.PRODUCTS (PRODUCTID,PRODUCTNAME,CATEGORY,DESCRIPTION,PRICE,STOCKQUANTITY) values (61,'Product61','home improvement','Description for Product61',147.57,68);
Insert into ECOMMERCE_DB_USER.PRODUCTS (PRODUCTID,PRODUCTNAME,CATEGORY,DESCRIPTION,PRICE,STOCKQUANTITY) values (62,'Product62','home appliances','Description for Product62',322.4,5);
Insert into ECOMMERCE_DB_USER.PRODUCTS (PRODUCTID,PRODUCTNAME,CATEGORY,DESCRIPTION,PRICE,STOCKQUANTITY) values (63,'Product63','outdoor','Description for Product63',490.16,96);
Insert into ECOMMERCE_DB_USER.PRODUCTS (PRODUCTID,PRODUCTNAME,CATEGORY,DESCRIPTION,PRICE,STOCKQUANTITY) values (64,'Product64','electronics','Description for Product64',414.31,2);
Insert into ECOMMERCE_DB_USER.PRODUCTS (PRODUCTID,PRODUCTNAME,CATEGORY,DESCRIPTION,PRICE,STOCKQUANTITY) values (65,'Product65','home appliances','Description for Product65',361.2,65);
Insert into ECOMMERCE_DB_USER.PRODUCTS (PRODUCTID,PRODUCTNAME,CATEGORY,DESCRIPTION,PRICE,STOCKQUANTITY) values (66,'Product66','electronics','Description for Product66',466.6,30);
Insert into ECOMMERCE_DB_USER.PRODUCTS (PRODUCTID,PRODUCTNAME,CATEGORY,DESCRIPTION,PRICE,STOCKQUANTITY) values (67,'Product67','home improvement','Description for Product67',488.1,58);
Insert into ECOMMERCE_DB_USER.PRODUCTS (PRODUCTID,PRODUCTNAME,CATEGORY,DESCRIPTION,PRICE,STOCKQUANTITY) values (68,'Product68','electronics','Description for Product68',101.66,6);
Insert into ECOMMERCE_DB_USER.PRODUCTS (PRODUCTID,PRODUCTNAME,CATEGORY,DESCRIPTION,PRICE,STOCKQUANTITY) values (69,'Product69','home appliances','Description for Product69',197.07,97);
Insert into ECOMMERCE_DB_USER.PRODUCTS (PRODUCTID,PRODUCTNAME,CATEGORY,DESCRIPTION,PRICE,STOCKQUANTITY) values (70,'Product70','home improvement','Description for Product70',269.46,36);
Insert into ECOMMERCE_DB_USER.PRODUCTS (PRODUCTID,PRODUCTNAME,CATEGORY,DESCRIPTION,PRICE,STOCKQUANTITY) values (71,'Product71','outdoor','Description for Product71',422.39,49);
Insert into ECOMMERCE_DB_USER.PRODUCTS (PRODUCTID,PRODUCTNAME,CATEGORY,DESCRIPTION,PRICE,STOCKQUANTITY) values (72,'Product72','home improvement','Description for Product72',235.44,82);
Insert into ECOMMERCE_DB_USER.PRODUCTS (PRODUCTID,PRODUCTNAME,CATEGORY,DESCRIPTION,PRICE,STOCKQUANTITY) values (73,'Product73','outdoor','Description for Product73',253.87,74);
Insert into ECOMMERCE_DB_USER.PRODUCTS (PRODUCTID,PRODUCTNAME,CATEGORY,DESCRIPTION,PRICE,STOCKQUANTITY) values (74,'Product74','home appliances','Description for Product74',282.02,70);
Insert into ECOMMERCE_DB_USER.PRODUCTS (PRODUCTID,PRODUCTNAME,CATEGORY,DESCRIPTION,PRICE,STOCKQUANTITY) values (75,'Product75','home improvement','Description for Product75',47.46,86);
Insert into ECOMMERCE_DB_USER.PRODUCTS (PRODUCTID,PRODUCTNAME,CATEGORY,DESCRIPTION,PRICE,STOCKQUANTITY) values (76,'Product76','outdoor','Description for Product76',435,39);
Insert into ECOMMERCE_DB_USER.PRODUCTS (PRODUCTID,PRODUCTNAME,CATEGORY,DESCRIPTION,PRICE,STOCKQUANTITY) values (77,'Product77','clothing','Description for Product77',15.22,52);
Insert into ECOMMERCE_DB_USER.PRODUCTS (PRODUCTID,PRODUCTNAME,CATEGORY,DESCRIPTION,PRICE,STOCKQUANTITY) values (78,'Product78','clothing','Description for Product78',487.49,66);
Insert into ECOMMERCE_DB_USER.PRODUCTS (PRODUCTID,PRODUCTNAME,CATEGORY,DESCRIPTION,PRICE,STOCKQUANTITY) values (79,'Product79','clothing','Description for Product79',486.89,66);
Insert into ECOMMERCE_DB_USER.PRODUCTS (PRODUCTID,PRODUCTNAME,CATEGORY,DESCRIPTION,PRICE,STOCKQUANTITY) values (80,'Product80','outdoor','Description for Product80',416.66,17);
Insert into ECOMMERCE_DB_USER.PRODUCTS (PRODUCTID,PRODUCTNAME,CATEGORY,DESCRIPTION,PRICE,STOCKQUANTITY) values (81,'Product81','electronics','Description for Product81',292.57,82);
Insert into ECOMMERCE_DB_USER.PRODUCTS (PRODUCTID,PRODUCTNAME,CATEGORY,DESCRIPTION,PRICE,STOCKQUANTITY) values (82,'Product82','clothing','Description for Product82',233.01,29);
Insert into ECOMMERCE_DB_USER.PRODUCTS (PRODUCTID,PRODUCTNAME,CATEGORY,DESCRIPTION,PRICE,STOCKQUANTITY) values (83,'Product83','home appliances','Description for Product83',271.12,22);
Insert into ECOMMERCE_DB_USER.PRODUCTS (PRODUCTID,PRODUCTNAME,CATEGORY,DESCRIPTION,PRICE,STOCKQUANTITY) values (84,'Product84','electronics','Description for Product84',102.18,49);
Insert into ECOMMERCE_DB_USER.PRODUCTS (PRODUCTID,PRODUCTNAME,CATEGORY,DESCRIPTION,PRICE,STOCKQUANTITY) values (85,'Product85','home appliances','Description for Product85',102.02,6);
Insert into ECOMMERCE_DB_USER.PRODUCTS (PRODUCTID,PRODUCTNAME,CATEGORY,DESCRIPTION,PRICE,STOCKQUANTITY) values (86,'Product86','clothing','Description for Product86',20.74,6);
Insert into ECOMMERCE_DB_USER.PRODUCTS (PRODUCTID,PRODUCTNAME,CATEGORY,DESCRIPTION,PRICE,STOCKQUANTITY) values (87,'Product87','clothing','Description for Product87',212.79,39);
Insert into ECOMMERCE_DB_USER.PRODUCTS (PRODUCTID,PRODUCTNAME,CATEGORY,DESCRIPTION,PRICE,STOCKQUANTITY) values (88,'Product88','clothing','Description for Product88',298.5,50);
Insert into ECOMMERCE_DB_USER.PRODUCTS (PRODUCTID,PRODUCTNAME,CATEGORY,DESCRIPTION,PRICE,STOCKQUANTITY) values (89,'Product89','home improvement','Description for Product89',157.82,81);
Insert into ECOMMERCE_DB_USER.PRODUCTS (PRODUCTID,PRODUCTNAME,CATEGORY,DESCRIPTION,PRICE,STOCKQUANTITY) values (90,'Product90','home improvement','Description for Product90',415.06,29);
Insert into ECOMMERCE_DB_USER.PRODUCTS (PRODUCTID,PRODUCTNAME,CATEGORY,DESCRIPTION,PRICE,STOCKQUANTITY) values (91,'Product91','home appliances','Description for Product91',29.68,8);
Insert into ECOMMERCE_DB_USER.PRODUCTS (PRODUCTID,PRODUCTNAME,CATEGORY,DESCRIPTION,PRICE,STOCKQUANTITY) values (92,'Product92','clothing','Description for Product92',143.39,2);
Insert into ECOMMERCE_DB_USER.PRODUCTS (PRODUCTID,PRODUCTNAME,CATEGORY,DESCRIPTION,PRICE,STOCKQUANTITY) values (93,'Product93','home appliances','Description for Product93',491.93,61);
Insert into ECOMMERCE_DB_USER.PRODUCTS (PRODUCTID,PRODUCTNAME,CATEGORY,DESCRIPTION,PRICE,STOCKQUANTITY) values (94,'Product94','home improvement','Description for Product94',62.19,6);
Insert into ECOMMERCE_DB_USER.PRODUCTS (PRODUCTID,PRODUCTNAME,CATEGORY,DESCRIPTION,PRICE,STOCKQUANTITY) values (95,'Product95','home appliances','Description for Product95',288.73,20);
Insert into ECOMMERCE_DB_USER.PRODUCTS (PRODUCTID,PRODUCTNAME,CATEGORY,DESCRIPTION,PRICE,STOCKQUANTITY) values (96,'Product96','clothing','Description for Product96',13.74,99);
Insert into ECOMMERCE_DB_USER.PRODUCTS (PRODUCTID,PRODUCTNAME,CATEGORY,DESCRIPTION,PRICE,STOCKQUANTITY) values (97,'Product97','outdoor','Description for Product97',482.57,39);
Insert into ECOMMERCE_DB_USER.PRODUCTS (PRODUCTID,PRODUCTNAME,CATEGORY,DESCRIPTION,PRICE,STOCKQUANTITY) values (98,'Product98','home improvement','Description for Product98',86.58,42);
Insert into ECOMMERCE_DB_USER.PRODUCTS (PRODUCTID,PRODUCTNAME,CATEGORY,DESCRIPTION,PRICE,STOCKQUANTITY) values (99,'Product99','outdoor','Description for Product99',212.95,87);
Insert into ECOMMERCE_DB_USER.PRODUCTS (PRODUCTID,PRODUCTNAME,CATEGORY,DESCRIPTION,PRICE,STOCKQUANTITY) values (100,'Product100','outdoor','Description for Product100',307.77,28);
Insert into ECOMMERCE_DB_USER.PRODUCTS (PRODUCTID,PRODUCTNAME,CATEGORY,DESCRIPTION,PRICE,STOCKQUANTITY) values (101,'Product101','clothing','Description for Product101',418,57);
Insert into ECOMMERCE_DB_USER.PRODUCTS (PRODUCTID,PRODUCTNAME,CATEGORY,DESCRIPTION,PRICE,STOCKQUANTITY) values (102,'Product102','electronics','Description for Product102',478.7,46);
Insert into ECOMMERCE_DB_USER.PRODUCTS (PRODUCTID,PRODUCTNAME,CATEGORY,DESCRIPTION,PRICE,STOCKQUANTITY) values (103,'Product103','clothing','Description for Product103',490.81,17);
Insert into ECOMMERCE_DB_USER.PRODUCTS (PRODUCTID,PRODUCTNAME,CATEGORY,DESCRIPTION,PRICE,STOCKQUANTITY) values (104,'Product104','outdoor','Description for Product104',264.28,13);
Insert into ECOMMERCE_DB_USER.PRODUCTS (PRODUCTID,PRODUCTNAME,CATEGORY,DESCRIPTION,PRICE,STOCKQUANTITY) values (105,'Product105','home improvement','Description for Product105',162.66,98);
Insert into ECOMMERCE_DB_USER.PRODUCTS (PRODUCTID,PRODUCTNAME,CATEGORY,DESCRIPTION,PRICE,STOCKQUANTITY) values (106,'Product106','clothing','Description for Product106',45.51,60);
Insert into ECOMMERCE_DB_USER.PRODUCTS (PRODUCTID,PRODUCTNAME,CATEGORY,DESCRIPTION,PRICE,STOCKQUANTITY) values (107,'Product107','clothing','Description for Product107',367.94,27);
Insert into ECOMMERCE_DB_USER.PRODUCTS (PRODUCTID,PRODUCTNAME,CATEGORY,DESCRIPTION,PRICE,STOCKQUANTITY) values (108,'Product108','electronics','Description for Product108',113.04,98);
Insert into ECOMMERCE_DB_USER.PRODUCTS (PRODUCTID,PRODUCTNAME,CATEGORY,DESCRIPTION,PRICE,STOCKQUANTITY) values (109,'Product109','outdoor','Description for Product109',335.89,45);
Insert into ECOMMERCE_DB_USER.PRODUCTS (PRODUCTID,PRODUCTNAME,CATEGORY,DESCRIPTION,PRICE,STOCKQUANTITY) values (110,'Product110','home appliances','Description for Product110',107.09,88);
Insert into ECOMMERCE_DB_USER.PRODUCTS (PRODUCTID,PRODUCTNAME,CATEGORY,DESCRIPTION,PRICE,STOCKQUANTITY) values (111,'Product111','electronics','Description for Product111',283.55,81);
Insert into ECOMMERCE_DB_USER.PRODUCTS (PRODUCTID,PRODUCTNAME,CATEGORY,DESCRIPTION,PRICE,STOCKQUANTITY) values (112,'Product112','home improvement','Description for Product112',189.34,7);
Insert into ECOMMERCE_DB_USER.PRODUCTS (PRODUCTID,PRODUCTNAME,CATEGORY,DESCRIPTION,PRICE,STOCKQUANTITY) values (113,'Product113','clothing','Description for Product113',190.48,55);
commit;
REM INSERTING into ECOMMERCE_DB_USER.PROMOTIONS
SET DEFINE OFF;
Insert into ECOMMERCE_DB_USER.PROMOTIONS (PROMOTIONID,PROMOTIONNAME,DISCOUNTPERCENTAGE,STARTDATE,ENDDATE) values (1,'Summer Sale',10,to_date('2023-07-01','YYYY-MM-DD'),to_date('2023-07-31','YYYY-MM-DD'));
commit;
REM INSERTING into ECOMMERCE_DB_USER.PROMOTIONUSAGE
SET DEFINE OFF;
Insert into ECOMMERCE_DB_USER.PROMOTIONUSAGE (PROMOTIONUSAGEID,ORDERID,PROMOTIONID) values (1,87,1);
Insert into ECOMMERCE_DB_USER.PROMOTIONUSAGE (PROMOTIONUSAGEID,ORDERID,PROMOTIONID) values (2,78,1);
Insert into ECOMMERCE_DB_USER.PROMOTIONUSAGE (PROMOTIONUSAGEID,ORDERID,PROMOTIONID) values (3,63,1);
Insert into ECOMMERCE_DB_USER.PROMOTIONUSAGE (PROMOTIONUSAGEID,ORDERID,PROMOTIONID) values (4,30,1);
Insert into ECOMMERCE_DB_USER.PROMOTIONUSAGE (PROMOTIONUSAGEID,ORDERID,PROMOTIONID) values (5,35,1);
Insert into ECOMMERCE_DB_USER.PROMOTIONUSAGE (PROMOTIONUSAGEID,ORDERID,PROMOTIONID) values (6,87,1);
Insert into ECOMMERCE_DB_USER.PROMOTIONUSAGE (PROMOTIONUSAGEID,ORDERID,PROMOTIONID) values (7,57,1);
Insert into ECOMMERCE_DB_USER.PROMOTIONUSAGE (PROMOTIONUSAGEID,ORDERID,PROMOTIONID) values (8,19,1);
Insert into ECOMMERCE_DB_USER.PROMOTIONUSAGE (PROMOTIONUSAGEID,ORDERID,PROMOTIONID) values (9,20,1);
Insert into ECOMMERCE_DB_USER.PROMOTIONUSAGE (PROMOTIONUSAGEID,ORDERID,PROMOTIONID) values (10,3,1);
commit;
REM INSERTING into ECOMMERCE_DB_USER.REVIEWS
SET DEFINE OFF;
Insert into ECOMMERCE_DB_USER.REVIEWS (REVIEWID,CUSTOMERID,PRODUCTID,REVIEWDATE,RATING,REVIEWTEXT) values (1,3,161,to_date('2023-07-30','YYYY-MM-DD'),4,'Review text for Product66');
Insert into ECOMMERCE_DB_USER.REVIEWS (REVIEWID,CUSTOMERID,PRODUCTID,REVIEWDATE,RATING,REVIEWTEXT) values (2,16,100,to_date('2023-07-28','YYYY-MM-DD'),2,'Review text for Product65');
Insert into ECOMMERCE_DB_USER.REVIEWS (REVIEWID,CUSTOMERID,PRODUCTID,REVIEWDATE,RATING,REVIEWTEXT) values (3,65,21,to_date('2023-07-27','YYYY-MM-DD'),2,'Review text for Product97');
Insert into ECOMMERCE_DB_USER.REVIEWS (REVIEWID,CUSTOMERID,PRODUCTID,REVIEWDATE,RATING,REVIEWTEXT) values (4,84,74,to_date('2023-07-18','YYYY-MM-DD'),3,'Review text for Product89');
Insert into ECOMMERCE_DB_USER.REVIEWS (REVIEWID,CUSTOMERID,PRODUCTID,REVIEWDATE,RATING,REVIEWTEXT) values (5,16,11,to_date('2023-07-19','YYYY-MM-DD'),1,'Review text for Product52');
Insert into ECOMMERCE_DB_USER.REVIEWS (REVIEWID,CUSTOMERID,PRODUCTID,REVIEWDATE,RATING,REVIEWTEXT) values (6,77,23,to_date('2023-07-21','YYYY-MM-DD'),2,'Review text for Product90');
Insert into ECOMMERCE_DB_USER.REVIEWS (REVIEWID,CUSTOMERID,PRODUCTID,REVIEWDATE,RATING,REVIEWTEXT) values (7,31,156,to_date('2023-07-12','YYYY-MM-DD'),2,'Review text for Product51');
Insert into ECOMMERCE_DB_USER.REVIEWS (REVIEWID,CUSTOMERID,PRODUCTID,REVIEWDATE,RATING,REVIEWTEXT) values (8,1,32,to_date('2023-07-02','YYYY-MM-DD'),4,'Review text for Product149');
Insert into ECOMMERCE_DB_USER.REVIEWS (REVIEWID,CUSTOMERID,PRODUCTID,REVIEWDATE,RATING,REVIEWTEXT) values (9,53,9,to_date('2023-07-06','YYYY-MM-DD'),3,'Review text for Product195');
Insert into ECOMMERCE_DB_USER.REVIEWS (REVIEWID,CUSTOMERID,PRODUCTID,REVIEWDATE,RATING,REVIEWTEXT) values (10,61,194,to_date('2023-07-21','YYYY-MM-DD'),1,'Review text for Product67');
Insert into ECOMMERCE_DB_USER.REVIEWS (REVIEWID,CUSTOMERID,PRODUCTID,REVIEWDATE,RATING,REVIEWTEXT) values (11,13,2,to_date('2023-07-22','YYYY-MM-DD'),2,'Review text for Product172');
Insert into ECOMMERCE_DB_USER.REVIEWS (REVIEWID,CUSTOMERID,PRODUCTID,REVIEWDATE,RATING,REVIEWTEXT) values (12,28,116,to_date('2023-07-04','YYYY-MM-DD'),2,'Review text for Product149');
Insert into ECOMMERCE_DB_USER.REVIEWS (REVIEWID,CUSTOMERID,PRODUCTID,REVIEWDATE,RATING,REVIEWTEXT) values (13,61,160,to_date('2023-07-22','YYYY-MM-DD'),3,'Review text for Product141');
Insert into ECOMMERCE_DB_USER.REVIEWS (REVIEWID,CUSTOMERID,PRODUCTID,REVIEWDATE,RATING,REVIEWTEXT) values (14,90,21,to_date('2023-07-02','YYYY-MM-DD'),3,'Review text for Product65');
Insert into ECOMMERCE_DB_USER.REVIEWS (REVIEWID,CUSTOMERID,PRODUCTID,REVIEWDATE,RATING,REVIEWTEXT) values (15,59,179,to_date('2023-07-20','YYYY-MM-DD'),3,'Review text for Product31');
Insert into ECOMMERCE_DB_USER.REVIEWS (REVIEWID,CUSTOMERID,PRODUCTID,REVIEWDATE,RATING,REVIEWTEXT) values (16,13,133,to_date('2023-07-18','YYYY-MM-DD'),4,'Review text for Product56');
Insert into ECOMMERCE_DB_USER.REVIEWS (REVIEWID,CUSTOMERID,PRODUCTID,REVIEWDATE,RATING,REVIEWTEXT) values (17,11,49,to_date('2023-07-21','YYYY-MM-DD'),1,'Review text for Product164');
Insert into ECOMMERCE_DB_USER.REVIEWS (REVIEWID,CUSTOMERID,PRODUCTID,REVIEWDATE,RATING,REVIEWTEXT) values (18,17,13,to_date('2023-07-29','YYYY-MM-DD'),2,'Review text for Product139');
Insert into ECOMMERCE_DB_USER.REVIEWS (REVIEWID,CUSTOMERID,PRODUCTID,REVIEWDATE,RATING,REVIEWTEXT) values (19,75,154,to_date('2023-07-26','YYYY-MM-DD'),3,'Review text for Product79');
Insert into ECOMMERCE_DB_USER.REVIEWS (REVIEWID,CUSTOMERID,PRODUCTID,REVIEWDATE,RATING,REVIEWTEXT) values (20,24,190,to_date('2023-07-09','YYYY-MM-DD'),3,'Review text for Product103');
Insert into ECOMMERCE_DB_USER.REVIEWS (REVIEWID,CUSTOMERID,PRODUCTID,REVIEWDATE,RATING,REVIEWTEXT) values (21,93,112,to_date('2023-07-18','YYYY-MM-DD'),3,'Review text for Product12');
Insert into ECOMMERCE_DB_USER.REVIEWS (REVIEWID,CUSTOMERID,PRODUCTID,REVIEWDATE,RATING,REVIEWTEXT) values (22,28,28,to_date('2023-07-12','YYYY-MM-DD'),4,'Review text for Product129');
Insert into ECOMMERCE_DB_USER.REVIEWS (REVIEWID,CUSTOMERID,PRODUCTID,REVIEWDATE,RATING,REVIEWTEXT) values (23,56,138,to_date('2023-07-11','YYYY-MM-DD'),1,'Review text for Product175');
Insert into ECOMMERCE_DB_USER.REVIEWS (REVIEWID,CUSTOMERID,PRODUCTID,REVIEWDATE,RATING,REVIEWTEXT) values (24,43,193,to_date('2023-07-24','YYYY-MM-DD'),3,'Review text for Product41');
Insert into ECOMMERCE_DB_USER.REVIEWS (REVIEWID,CUSTOMERID,PRODUCTID,REVIEWDATE,RATING,REVIEWTEXT) values (25,61,170,to_date('2023-07-25','YYYY-MM-DD'),2,'Review text for Product174');
Insert into ECOMMERCE_DB_USER.REVIEWS (REVIEWID,CUSTOMERID,PRODUCTID,REVIEWDATE,RATING,REVIEWTEXT) values (26,98,28,to_date('2023-07-18','YYYY-MM-DD'),1,'Review text for Product178');
Insert into ECOMMERCE_DB_USER.REVIEWS (REVIEWID,CUSTOMERID,PRODUCTID,REVIEWDATE,RATING,REVIEWTEXT) values (27,64,121,to_date('2023-07-05','YYYY-MM-DD'),2,'Review text for Product186');
Insert into ECOMMERCE_DB_USER.REVIEWS (REVIEWID,CUSTOMERID,PRODUCTID,REVIEWDATE,RATING,REVIEWTEXT) values (28,17,105,to_date('2023-07-25','YYYY-MM-DD'),3,'Review text for Product158');
Insert into ECOMMERCE_DB_USER.REVIEWS (REVIEWID,CUSTOMERID,PRODUCTID,REVIEWDATE,RATING,REVIEWTEXT) values (29,81,124,to_date('2023-07-20','YYYY-MM-DD'),4,'Review text for Product166');
Insert into ECOMMERCE_DB_USER.REVIEWS (REVIEWID,CUSTOMERID,PRODUCTID,REVIEWDATE,RATING,REVIEWTEXT) values (30,62,41,to_date('2023-07-25','YYYY-MM-DD'),2,'Review text for Product1');
Insert into ECOMMERCE_DB_USER.REVIEWS (REVIEWID,CUSTOMERID,PRODUCTID,REVIEWDATE,RATING,REVIEWTEXT) values (31,44,112,to_date('2023-07-05','YYYY-MM-DD'),3,'Review text for Product181');
Insert into ECOMMERCE_DB_USER.REVIEWS (REVIEWID,CUSTOMERID,PRODUCTID,REVIEWDATE,RATING,REVIEWTEXT) values (32,81,109,to_date('2023-07-22','YYYY-MM-DD'),1,'Review text for Product17');
Insert into ECOMMERCE_DB_USER.REVIEWS (REVIEWID,CUSTOMERID,PRODUCTID,REVIEWDATE,RATING,REVIEWTEXT) values (33,18,156,to_date('2023-07-30','YYYY-MM-DD'),1,'Review text for Product1');
Insert into ECOMMERCE_DB_USER.REVIEWS (REVIEWID,CUSTOMERID,PRODUCTID,REVIEWDATE,RATING,REVIEWTEXT) values (34,49,172,to_date('2023-07-27','YYYY-MM-DD'),4,'Review text for Product76');
Insert into ECOMMERCE_DB_USER.REVIEWS (REVIEWID,CUSTOMERID,PRODUCTID,REVIEWDATE,RATING,REVIEWTEXT) values (35,23,155,to_date('2023-07-12','YYYY-MM-DD'),2,'Review text for Product10');
Insert into ECOMMERCE_DB_USER.REVIEWS (REVIEWID,CUSTOMERID,PRODUCTID,REVIEWDATE,RATING,REVIEWTEXT) values (36,44,96,to_date('2023-07-01','YYYY-MM-DD'),1,'Review text for Product37');
Insert into ECOMMERCE_DB_USER.REVIEWS (REVIEWID,CUSTOMERID,PRODUCTID,REVIEWDATE,RATING,REVIEWTEXT) values (37,98,116,to_date('2023-07-05','YYYY-MM-DD'),1,'Review text for Product88');
Insert into ECOMMERCE_DB_USER.REVIEWS (REVIEWID,CUSTOMERID,PRODUCTID,REVIEWDATE,RATING,REVIEWTEXT) values (38,55,83,to_date('2023-07-22','YYYY-MM-DD'),1,'Review text for Product36');
Insert into ECOMMERCE_DB_USER.REVIEWS (REVIEWID,CUSTOMERID,PRODUCTID,REVIEWDATE,RATING,REVIEWTEXT) values (39,25,140,to_date('2023-07-19','YYYY-MM-DD'),2,'Review text for Product184');
Insert into ECOMMERCE_DB_USER.REVIEWS (REVIEWID,CUSTOMERID,PRODUCTID,REVIEWDATE,RATING,REVIEWTEXT) values (40,81,23,to_date('2023-07-16','YYYY-MM-DD'),3,'Review text for Product157');
Insert into ECOMMERCE_DB_USER.REVIEWS (REVIEWID,CUSTOMERID,PRODUCTID,REVIEWDATE,RATING,REVIEWTEXT) values (41,1,86,to_date('2023-07-18','YYYY-MM-DD'),3,'Review text for Product52');
Insert into ECOMMERCE_DB_USER.REVIEWS (REVIEWID,CUSTOMERID,PRODUCTID,REVIEWDATE,RATING,REVIEWTEXT) values (42,49,199,to_date('2023-07-19','YYYY-MM-DD'),3,'Review text for Product26');
Insert into ECOMMERCE_DB_USER.REVIEWS (REVIEWID,CUSTOMERID,PRODUCTID,REVIEWDATE,RATING,REVIEWTEXT) values (43,99,106,to_date('2023-07-09','YYYY-MM-DD'),2,'Review text for Product51');
Insert into ECOMMERCE_DB_USER.REVIEWS (REVIEWID,CUSTOMERID,PRODUCTID,REVIEWDATE,RATING,REVIEWTEXT) values (44,61,67,to_date('2023-07-12','YYYY-MM-DD'),4,'Review text for Product14');
Insert into ECOMMERCE_DB_USER.REVIEWS (REVIEWID,CUSTOMERID,PRODUCTID,REVIEWDATE,RATING,REVIEWTEXT) values (45,67,23,to_date('2023-07-18','YYYY-MM-DD'),3,'Review text for Product172');
Insert into ECOMMERCE_DB_USER.REVIEWS (REVIEWID,CUSTOMERID,PRODUCTID,REVIEWDATE,RATING,REVIEWTEXT) values (46,15,117,to_date('2023-07-16','YYYY-MM-DD'),4,'Review text for Product154');
Insert into ECOMMERCE_DB_USER.REVIEWS (REVIEWID,CUSTOMERID,PRODUCTID,REVIEWDATE,RATING,REVIEWTEXT) values (47,23,97,to_date('2023-07-14','YYYY-MM-DD'),4,'Review text for Product176');
Insert into ECOMMERCE_DB_USER.REVIEWS (REVIEWID,CUSTOMERID,PRODUCTID,REVIEWDATE,RATING,REVIEWTEXT) values (48,25,14,to_date('2023-07-05','YYYY-MM-DD'),4,'Review text for Product198');
Insert into ECOMMERCE_DB_USER.REVIEWS (REVIEWID,CUSTOMERID,PRODUCTID,REVIEWDATE,RATING,REVIEWTEXT) values (49,68,82,to_date('2023-07-08','YYYY-MM-DD'),2,'Review text for Product113');
Insert into ECOMMERCE_DB_USER.REVIEWS (REVIEWID,CUSTOMERID,PRODUCTID,REVIEWDATE,RATING,REVIEWTEXT) values (50,50,63,to_date('2023-07-29','YYYY-MM-DD'),4,'Review text for Product151');
commit;
